,stid,Datetime,Air pressure (upper boom),Air temperature (upper boom),Relative humidity (upper boom) - corrected,Specific humidity (upper boom),Wind speed (upper boom),Wind from direction (upper boom),Downwelling shortwave radiation - corrected,Upwelling shortwave radiation - corrected,Downwelling longwave radiation,Upwelling longwave radiation,Surface temperature,Latent heat flux (upper boom),Sensible heat flux (upper boom),Surface height from combined measurements,Surface height from combined measurements DELTA,Albedo,Cloud cover,Ablation,Melting Season
147764,QAS_Lv3,2022-08-29 00:00:00+00:00,,,,,,,,,,,,,,-0.16360000000000002,,,,False,
147765,QAS_Lv3,2022-08-30 00:00:00+00:00,975.6666666666666,2.8117916666666662,85.94250000000001,3.993363636363637,3.456208333333333,263.9125,393.3379999999999,59.857181818181814,258.5854545454545,320.14,-0.07736363636363636,3.2950909090909093,27.45909090909091,-0.18904166666666666,-0.0269999999999999,0.15371428571428572,0.22581818181818178,False,
147766,QAS_Lv3,2022-08-31 00:00:00+00:00,987.2083333333334,2.7805416666666667,72.09458333333336,3.407,3.2967083333333336,74.53791666666665,239.65845833333333,39.06729166666667,246.20612500000004,314.37654166666664,-0.5189166666666667,-8.027083333333332,24.254833333333334,-0.23429166666666668,-0.341,0.164625,0.1245,False,
147767,QAS_Lv3,2022-09-01 00:00:00+00:00,989.3333333333334,4.916666666666667,61.97541666666666,3.3694583333333337,4.607458333333333,59.54583333333334,92.59199999999998,11.947416666666669,317.1721666666666,318.802125,-0.009583333333333334,-15.783916666666665,56.793291666666676,-0.9724166666666667,-0.42,0.1235,0.6980833333333334,False,
147768,QAS_Lv3,2022-09-02 00:00:00+00:00,993.9583333333334,7.915416666666666,68.70958333333333,4.599291666666667,4.686208333333333,55.30250000000001,23.794916666666666,2.81275,365.8359166666667,324.53095833333333,-0.022416666666666668,21.605541666666664,81.50037499999999,-1.022,0.12299999999999982,0.123125,0.9995833333333334,False,
147769,QAS_Lv3,2022-09-03 00:00:00+00:00,994.5416666666666,5.854125000000001,90.21583333333332,5.231208333333332,3.926375,120.17708333333331,53.96770833333334,6.658791666666668,346.64466666666664,322.83083333333343,0.0,32.92533333333333,52.61116666666666,-1.0924166666666666,0.0749999999999999,0.122875,0.9926666666666666,False,
147770,QAS_Lv3,2022-09-04 00:00:00+00:00,990.5833333333334,5.696541666666666,85.59999999999998,4.928,3.1635833333333334,140.1625,225.01520833333336,27.114999999999995,313.75399999999996,321.7317083333333,0.0,16.586083333333335,34.89658333333333,-1.1000833333333333,0.0689999999999999,0.124625,0.6800833333333335,False,
147771,QAS_Lv3,2022-09-05 00:00:00+00:00,992.5833333333334,4.938833333333333,91.46666666666668,4.985916666666666,3.9042916666666674,129.54241666666667,36.421,4.003583333333334,337.83983333333333,322.0184583333334,-0.013375,27.418458333333337,43.088375000000006,-1.140875,-0.2429999999999998,0.11225,0.9307083333333334,False,
147772,QAS_Lv3,2022-09-06 00:00:00+00:00,988.875,4.814541666666666,87.32083333333333,4.742041666666666,3.2467391304347823,65.23304347826088,77.55175,9.357291666666667,328.94854166666664,320.47704166666665,0.0,15.817217391304348,30.359478260869572,-1.1595833333333332,0.221,0.120875,0.8831666666666668,False,
147773,QAS_Lv3,2022-09-07 00:00:00+00:00,985.4583333333334,4.493125,88.72708333333333,4.7251666666666665,3.283958333333334,46.028333333333336,193.93633333333335,25.979083333333335,286.8081666666667,319.7294166666667,-0.02658333333333333,15.09754166666667,30.169041666666672,-1.1301666666666665,-0.006999999999999801,0.137125,0.46483333333333343,False,
147774,QAS_Lv3,2022-09-08 00:00:00+00:00,985.2083333333334,4.771500000000001,76.97250000000001,4.176625,4.347,43.87833333333334,215.82808333333335,27.779750000000003,276.54008333333326,319.25354166666665,0.0,9.572708333333336,49.70158333333334,-1.1457083333333333,-0.018,0.13142857142857142,0.3399999999999999,False,
147775,QAS_Lv3,2022-09-09 00:00:00+00:00,990.125,6.077125000000001,66.96374999999999,3.9578333333333333,3.7596666666666674,44.21000000000001,211.02774999999997,26.816249999999997,277.7404583333334,320.41574999999995,0.0,2.920958333333333,44.81429166666667,-1.1611666666666667,-0.002,0.128,0.27987500000000004,False,
147776,QAS_Lv3,2022-09-10 00:00:00+00:00,993.4166666666666,5.921583333333334,61.46625000000001,3.579875,3.293958333333334,53.22083333333335,223.06341666666665,30.249250000000004,276.49949999999995,321.1024583333333,-0.03833333333333334,-3.805083333333334,34.9275,-1.1741666666666666,-0.0169999999999999,0.1377142857142857,0.2773333333333333,False,
147777,QAS_Lv3,2022-09-11 00:00:00+00:00,992.5833333333334,3.9125416666666655,82.02291666666666,4.1483333333333325,1.569625,88.52804166666668,126.98033333333335,19.015208333333337,291.448625,318.22516666666667,-0.10754166666666669,0.34745833333333337,7.536458333333332,-1.1857916666666666,-0.0090000000000001,0.14714285714285716,0.5369583333333333,False,
147778,QAS_Lv3,2022-09-12 00:00:00+00:00,985.875,4.441,82.10541666666667,4.351583333333332,1.8096249999999998,48.08595833333334,163.19545833333333,22.963416666666664,306.2059583333333,319.6575833333333,-0.041708333333333326,2.3104999999999998,7.515416666666666,-1.1852916666666666,-0.0189999999999999,0.14466666666666667,0.6725416666666666,False,
147779,QAS_Lv3,2022-09-13 00:00:00+00:00,983.125,4.931166666666668,75.28541666666666,4.143916666666667,3.7364166666666665,57.22166666666667,154.5425833333333,21.636583333333334,283.3127499999999,319.29379166666666,-0.034,6.5605416666666665,40.67979166666667,-1.2116666666666667,-0.0049999999999998,0.13633333333333333,0.4030416666666667,False,
147780,QAS_Lv3,2022-09-14 00:00:00+00:00,985.5833333333334,5.920916666666667,71.76458333333333,4.219458333333333,4.370375,50.19125,199.17787500000006,26.59441666666667,284.96862500000003,320.72862499999997,0.0,9.684333333333333,56.56791666666667,-1.22625,-0.0129999999999999,0.13249999999999998,0.36612500000000003,False,
147781,QAS_Lv3,2022-09-15 00:00:00+00:00,985.2083333333334,6.080500000000002,70.14999999999999,4.176041666666666,5.294875,47.52666666666667,82.32779166666667,10.177833333333334,344.69379166666664,321.7790833333334,0.0,11.874958333333334,81.01299999999999,-1.2414166666666666,-0.0129999999999999,0.1235,0.92325,False,
147782,QAS_Lv3,2022-09-16 00:00:00+00:00,974.375,9.114958333333334,72.575,5.403416666666666,10.375791666666666,71.22291666666666,24.624916666666667,3.675625,359.3529583333334,326.0255833333334,0.0,123.5781818181818,248.21381818181817,-1.280625,-0.06,0.15333333333333332,0.9717083333333335,False,
147783,QAS_Lv3,2022-09-17 00:00:00+00:00,966.7916666666666,10.018749999999999,61.20916666666667,4.854708333333333,13.15225,73.13958333333333,28.497500000000002,4.140999999999999,354.4168333333333,327.31920833333334,0.0,89.36647826086957,341.45030434782615,-1.348625,-0.0649999999999999,0.14416666666666667,0.8875000000000001,False,
147784,QAS_Lv3,2022-09-18 00:00:00+00:00,964.4166666666666,8.604583333333334,59.375,4.257958333333333,6.719708333333333,78.65458333333333,81.83170833333332,8.175541666666666,335.4751666666667,325.1251666666667,-0.05320833333333333,14.891291666666667,148.23170833333333,-1.3937083333333333,-0.024000000000000004,0.10049999999999999,0.7521249999999999,False,
147785,QAS_Lv3,2022-09-19 00:00:00+00:00,968.5416666666666,6.592374999999998,67.70875,4.234375,4.613041666666668,67.96166666666669,124.24570833333333,13.047749999999999,304.769375,322.47816666666665,-0.004083333333333334,7.998124999999998,74.76712499999998,-1.4170833333333333,-0.0129999999999999,0.1055,0.5420416666666666,False,
147786,QAS_Lv3,2022-09-20 00:00:00+00:00,971.3333333333334,4.484041666666667,77.05624999999999,4.156375,2.085583333333333,151.13358333333335,181.83062499999997,27.080458333333336,262.76225,318.611375,-0.14525000000000002,2.2737916666666664,12.611666666666663,-1.4220833333333334,-0.0029999999999998,0.15083333333333335,0.20866666666666667,False,
147787,QAS_Lv3,2022-09-21 00:00:00+00:00,978.375,4.081375,70.11874999999999,3.6519583333333334,3.2112083333333334,159.0953333333333,130.41441666666668,20.363791666666668,262.5779166666666,317.609625,-0.09645833333333333,-3.3810833333333328,27.491958333333333,-1.4200833333333334,0.0,0.14966666666666667,0.23429166666666668,False,
147788,QAS_Lv3,2022-09-22 00:00:00+00:00,983.75,3.561208333333333,87.70791666666666,4.379541666666667,4.166666666666668,70.92958333333333,33.94625,3.998083333333333,326.1187916666667,319.3678333333334,0.0,16.654833333333332,39.37316666666667,-1.436416666666667,-0.0149999999999999,0.11783333333333333,0.9069166666666666,False,
147789,QAS_Lv3,2022-09-23 00:00:00+00:00,981.625,4.229166666666666,99.42500000000001,5.225666666666666,5.222583333333333,77.06083333333332,21.897708333333338,2.3452083333333333,340.3512083333333,322.05716666666666,0.0,53.29775,59.76191666666668,-1.4560416666666667,-0.03,0.10516666666666667,1.0,False,
147790,QAS_Lv3,2022-09-24 00:00:00+00:00,977.0416666666666,5.070166666666667,96.05416666666666,5.387166666666668,3.675625,91.095625,76.87704166666667,8.4825,336.21333333333337,328.0964583333333,-0.0335,35.13295833333334,40.35845833333334,-1.4822083333333333,-0.006999999999999801,0.11259999999999999,0.92625,False,
147791,QAS_Lv3,2022-09-25 00:00:00+00:00,981.5833333333334,6.920666666666668,79.0491666666667,5.055,5.439625,70.30333333333336,21.869291666666665,2.5945416666666667,346.23066666666676,328.09587500000004,-0.0072499999999999995,40.43382608695652,91.46004347826087,-1.490375,-0.0449999999999999,0.1145,0.9025833333333333,False,
147792,QAS_Lv3,2022-09-26 00:00:00+00:00,978.4583333333334,6.033916666666669,99.94166666666666,5.994833333333332,4.133958333333333,126.67583333333334,13.252291666666666,1.22725,347.5482083333333,337.1928333333334,0.0,47.985083333333336,49.825624999999995,-1.5349166666666667,-0.0190000000000001,0.09575,0.9948333333333333,False,
147793,QAS_Lv3,2022-09-27 00:00:00+00:00,981.375,3.7347083333333324,98.19166666666666,4.984083333333333,4.265791666666666,92.24458333333331,13.489249999999998,1.6990416666666668,336.0028333333333,324.746,0.0,33.321916666666674,40.51624999999999,-1.5547083333333334,0.0,0.12675,0.9995000000000002,False,
147794,QAS_Lv3,2022-09-28 00:00:00+00:00,977.3333333333334,3.3737083333333335,97.26249999999999,4.8306666666666676,1.8607083333333334,94.17583333333333,37.494125000000004,4.532541666666666,330.63874999999996,320.7343333333334,-0.012958333333333334,6.700083333333333,9.090875,-1.5501666666666667,0.0,0.1205,0.9752500000000001,False,
147795,QAS_Lv3,2022-09-29 00:00:00+00:00,967.875,2.661,96.27500000000002,4.586791666666666,2.2815833333333333,165.360375,67.042875,8.270083333333334,310.96745833333324,318.33645833333327,-0.0026666666666666666,8.934958333333332,12.042333333333332,-1.5488333333333333,0.0030000000000001,0.12575,0.8072916666666666,False,
147796,QAS_Lv3,2022-09-30 00:00:00+00:00,967.1666666666666,1.8514166666666665,87.97383333333335,3.955208333333333,3.301416666666668,248.83749999999998,80.87825,10.912874999999998,282.49920833333334,316.60475,-0.059166666666666666,1.1315833333333334,16.131249999999998,-1.539,-0.0090000000000001,0.139,0.5577916666666666,False,
147797,QAS_Lv3,2022-10-01 00:00:00+00:00,963.875,0.670875,99.95416666666667,4.147041666666667,2.25025,105.88250000000004,65.65629166666666,37.37645833333334,317.8995416666666,316.8727916666666,-0.13854166666666667,2.6260833333333333,3.3642500000000006,-1.5280833333333332,-0.0029999999999998,0.571,0.9832500000000001,False,
147798,QAS_Lv3,2022-10-02 00:00:00+00:00,960.875,-0.9895416666666668,82.34754166666669,3.0385833333333334,3.796375,50.871249999999996,134.09670833333334,59.645375,251.968125,305.8957083333333,-1.8786666666666667,-15.205874999999999,10.113541666666668,-1.5335,0.008,0.438,0.3819166666666667,False,
147799,QAS_Lv3,2022-10-03 00:00:00+00:00,960.75,-0.175125,68.78470833333331,2.680249999999999,3.7944999999999993,42.033333333333324,103.44866666666667,47.118125,247.5182083333333,303.54825,-2.3114166666666667,-17.76279166666667,24.409874999999996,-1.5264583333333333,0.0049999999999998,0.4365,0.29758333333333326,False,
147800,QAS_Lv3,2022-10-04 00:00:00+00:00,963.5,-0.31541666666666657,68.99354166666666,2.686666666666667,5.146041666666666,74.19208333333333,62.27404166666667,33.32958333333333,266.05958333333336,301.77125,-2.8679583333333336,-19.31033333333333,33.60066666666667,-1.5295833333333333,-0.0009999999999998,0.5455000000000001,0.49591666666666673,False,
147801,QAS_Lv3,2022-10-05 00:00:00+00:00,960.25,0.8971666666666666,95.46666666666668,4.037458333333333,5.431416666666667,257.6870833333333,57.382958333333335,24.50829166666667,298.2944583333333,316.34491666666673,-0.06258333333333334,3.683958333333333,16.200999999999997,-1.5224583333333335,0.0149999999999999,0.424,0.7722499999999998,False,
147802,QAS_Lv3,2022-10-06 00:00:00+00:00,971.2083333333334,-0.5895833333333335,65.87283333333333,2.4607083333333337,3.8129166666666667,93.01816666666663,108.6605,36.684083333333334,229.51362499999996,301.0635833333333,-2.907375,-17.702666666666666,23.510333333333335,-1.522375,-0.006000000000000001,0.3315,0.13154166666666667,False,
147803,QAS_Lv3,2022-10-07 00:00:00+00:00,973.25,-1.03475,82.39320833333335,2.9599166666666665,4.306125000000001,197.30208333333334,111.827,56.88958333333333,254.64562499999997,302.08079166666664,-2.6738750000000002,-9.809041666666666,17.877291666666668,-1.5207499999999998,0.01,0.504,0.41054166666666675,False,
147804,QAS_Lv3,2022-10-08 00:00:00+00:00,977.0416666666666,-2.163875,63.72429166666668,2.0827499999999994,6.215916666666666,171.10916666666665,86.63487500000001,37.89820833333333,223.36366666666666,293.83095833333334,-4.366333333333334,-37.59075000000001,37.77591666666666,-1.5190833333333333,-0.0170000000000001,0.4325,0.15808333333333333,False,
147805,QAS_Lv3,2022-10-09 00:00:00+00:00,973.0416666666666,-1.1590416666666659,72.03333333333335,2.6497499999999996,6.572041666666668,71.65083333333334,43.88491666666666,19.197375,284.05074999999994,301.0765416666666,-3.174666666666667,-18.00104166666667,32.699666666666666,-1.5214583333333334,0.0029999999999998,,0.7243333333333334,False,
147806,QAS_Lv3,2022-10-10 00:00:00+00:00,967.9583333333334,0.8131249999999999,99.51250000000003,4.1535416666666665,3.64,130.00625,45.776375,20.024791666666662,317.186625,316.9357916666667,-0.0355,6.531739130434781,9.137739130434785,-1.5125416666666667,0.01,,0.9752916666666662,False,
147807,QAS_Lv3,2022-10-11 00:00:00+00:00,969.5416666666666,-2.3653333333333335,79.54108333333333,2.671791666666667,5.063526315789473,123.27368421052633,116.93679166666668,51.15375,259.42045833333333,299.0685416666666,-3.4505000000000003,-24.047315789473686,14.374631578947367,-1.5270833333333333,-0.018,,0.5243333333333333,False,
147808,QAS_Lv3,2022-10-12 00:00:00+00:00,966.5,-6.147291666666667,60.2285,1.4162916666666667,7.217541666666666,31.92745833333333,55.946333333333335,24.473583333333334,203.05587500000001,276.2972916666666,-8.418249999999999,-30.78504166666667,45.64750000000001,-1.5221666666666664,0.004,,0.12229166666666667,False,
147809,QAS_Lv3,2022-10-13 00:00:00+00:00,973.2916666666666,-4.7852500000000004,60.06954166666667,1.569208333333333,4.432291666666667,94.74000000000001,82.51899999999999,36.097833333333334,205.1425,277.5650416666667,-8.143833333333333,-11.034333333333334,37.23904166666667,-1.5224583333333335,0.006999999999999801,,0.08554166666666667,False,
147810,QAS_Lv3,2022-10-14 00:00:00+00:00,984.4166666666666,-3.843791666666666,54.47508333333334,1.531125,4.564375000000001,52.252916666666685,81.05770833333334,35.45858333333333,205.87908333333337,278.7284166666666,-7.852708333333333,-15.912833333333332,49.32041666666667,-1.522125,0.002,,0.058291666666666665,False,
147811,QAS_Lv3,2022-10-15 00:00:00+00:00,986.0833333333334,3.301,50.43383333333333,2.4731666666666667,6.736416666666666,64.05375,71.64379166666667,31.340500000000006,241.63020833333337,305.0386250000001,-2.6043333333333334,-34.677749999999996,88.98033333333332,-1.5087083333333335,0.016,,0.08683333333333332,False,
147812,QAS_Lv3,2022-10-16 00:00:00+00:00,996.7916666666666,0.47912499999999997,60.01754166666668,2.368208333333333,4.745083333333334,132.111,85.37579166666666,37.347541666666665,236.88404166666672,300.98512500000004,-2.90625,-25.067999999999998,39.456541666666666,-1.5122499999999999,-0.004,,0.15045833333333333,False,
147813,QAS_Lv3,2022-10-17 00:00:00+00:00,996.375,-0.907666666666667,63.54129166666669,2.2619583333333337,3.0667499999999994,46.94883333333332,78.86850000000001,34.50091666666666,251.749375,296.0710833333333,-4.114541666666667,-11.063124999999998,24.505708333333335,-1.5159166666666666,0.0109999999999998,,0.37283333333333335,False,
147814,QAS_Lv3,2022-10-18 00:00:00+00:00,995.125,0.6707916666666667,74.34825000000001,3.014041666666667,4.768041666666667,72.94083333333332,37.206875,16.276083333333336,303.22908333333345,309.3094166666667,-1.4602083333333338,-11.534500000000001,30.788458333333335,-1.5114166666666666,0.0009999999999998,,0.8362083333333334,False,
147815,QAS_Lv3,2022-10-19 00:00:00+00:00,989.5416666666666,2.1895416666666665,91.94200000000002,4.178041666666666,4.904583333333334,190.58374999999998,21.68733333333333,9.487125,297.38370833333335,317.0099166666667,-0.13545833333333332,5.99858333333333,27.969541666666668,-1.5177083333333332,-0.0090000000000001,,0.6992916666666665,False,
147816,QAS_Lv3,2022-10-20 00:00:00+00:00,985.2083333333334,0.09020833333333339,53.647875000000006,2.0928333333333335,3.8502083333333332,137.45424999999997,44.21245833333334,19.340708333333335,227.05412500000003,302.452625,-2.490416666666667,-29.395916666666665,26.71241666666667,-1.5290416666666669,-0.0050000000000001,,0.09241666666666666,False,
147817,QAS_Lv3,2022-10-21 00:00:00+00:00,984.875,2.5290416666666675,81.13375,3.7430416666666666,4.174875,76.36041666666667,5.2025,2.27575,318.9364166666667,316.56850000000003,-0.321125,1.3847499999999995,29.802000000000003,-1.5264166666666668,-0.01,,0.9062500000000001,False,
147818,QAS_Lv3,2022-10-22 00:00:00+00:00,977.625,1.9513749999999999,93.69583333333334,4.211333333333331,2.3800416666666666,92.22833333333335,18.105208333333334,7.920124999999999,310.17491666666655,317.3466666666667,-0.12170833333333335,3.6113750000000002,9.456125,-1.5399166666666666,-0.002,,0.8427916666666664,False,
147819,QAS_Lv3,2022-10-23 00:00:00+00:00,973.3333333333334,1.0715,96.65000000000002,4.085249999999999,3.190083333333334,89.30083333333333,5.279166666666667,2.3092916666666667,317.1999583333333,316.9711249999999,0.0,4.763208333333333,10.383,-1.5421250000000002,-0.006000000000000001,,0.963375,False,
147820,QAS_Lv3,2022-10-24 00:00:00+00:00,967.6666666666666,-1.00825,89.98954166666665,3.293916666666666,3.2276666666666665,143.5128333333333,69.07575,30.21704166666667,283.72041666666667,305.54045833333333,-2.0835000000000004,-2.1288750000000003,10.041125000000001,-1.546125,0.01,,0.7085833333333333,False,
147821,QAS_Lv3,2022-10-25 00:00:00+00:00,972.3333333333334,-1.5437083333333332,63.632124999999995,2.189208333333333,3.114125,60.12875000000002,56.73737500000001,24.819666666666667,224.13441666666668,286.63829166666665,-6.077208333333331,-5.5324583333333335,24.79520833333333,-1.5462916666666666,0.0210000000000001,,0.117,False,
147822,QAS_Lv3,2022-10-26 00:00:00+00:00,979.9583333333334,-0.7222083333333332,74.05158333333334,2.693333333333334,4.455499999999999,75.13375,31.144875,13.624166666666666,275.3612083333333,302.21408333333335,-2.7769166666666667,-14.670041666666668,28.780041666666673,-1.5363749999999998,0.022000000000000002,,0.6115416666666667,False,
147823,QAS_Lv3,2022-10-27 00:00:00+00:00,983.2083333333334,0.7214583333333334,83.58008333333332,3.415291666666666,1.9640833333333332,140.76416666666668,66.82799999999999,29.23375,285.06483333333335,306.40512500000006,-1.928,-0.19770833333333337,8.033,-1.5174583333333331,0.002,,0.6424166666666667,False,
147824,QAS_Lv3,2022-10-28 00:00:00+00:00,972.4166666666666,1.419458333333333,90.21966666666667,3.952874999999999,4.283208333333333,104.31791666666665,8.838416666666665,3.8664166666666664,315.61083333333335,314.61449999999996,-0.6495416666666666,7.578166666666667,24.469875000000002,-1.5247916666666665,-0.0329999999999999,,0.9219166666666667,False,
147825,QAS_Lv3,2022-10-29 00:00:00+00:00,964.0416666666666,-2.709708333333334,91.37679166666668,2.9261250000000003,3.4052352941176465,109.23294117647058,52.546625,22.98641666666667,298.5147916666666,299.53333333333336,-3.570791666666666,-8.911411764705882,6.685529411764706,-1.5387916666666666,-0.0049999999999998,,0.9423333333333334,False,
147826,QAS_Lv3,2022-10-30 00:00:00+00:00,956.5,-6.365749999999999,66.963875,1.5639166666666668,5.013916666666668,53.412749999999996,36.928,16.154083333333332,204.25441666666666,272.2739583333333,-9.411708333333333,-9.698208333333334,42.79154166666667,-1.547,-0.0109999999999998,,0.13316666666666666,False,
147827,QAS_Lv3,2022-10-31 00:00:00+00:00,954.25,-6.094458333333333,64.89124999999999,1.5495416666666666,3.6719583333333325,103.70708333333333,45.42491666666667,19.871041666666667,210.28095833333336,269.3315416666666,-10.200333333333333,-3.232583333333333,39.09083333333332,-1.5470416666666666,-0.002,,0.18395833333333336,False,
147828,QAS_Lv3,2022-11-01 00:00:00+00:00,961.625,-3.8992500000000017,61.71816666666666,1.7612499999999998,3.0414166666666667,47.83708333333334,38.53229166666667,16.855875,221.07641666666666,274.85274999999996,-8.903333333333332,-2.2276249999999997,31.88258333333334,-1.541875,0.0229999999999999,,0.19408333333333336,False,
147829,QAS_Lv3,2022-11-02 00:00:00+00:00,969.625,-3.7951666666666664,58.15687500000001,1.6607083333333332,4.599833333333333,64.05333333333334,47.323333333333345,20.701583333333335,215.79849999999996,277.2584166666667,-8.266416666666666,-10.11725,51.96424999999999,-1.5409166666666667,-0.004,,0.13625,False,
147830,QAS_Lv3,2022-11-03 00:00:00+00:00,963.5416666666666,0.7443749999999997,60.77345833333334,2.5612083333333335,10.40925,73.12000000000002,16.232291666666665,7.100833333333333,295.1297916666667,304.61474999999996,-2.5627500000000003,-60.706375,98.68854166666667,-1.5317083333333332,0.020999999999999897,,0.7457083333333333,False,
147831,QAS_Lv3,2022-11-04 00:00:00+00:00,962.2916666666666,3.2542500000000003,56.67166666666666,2.828666666666667,9.9075,78.29583333333333,23.70945833333333,10.371749999999999,282.65220833333336,314.92262500000004,-0.24820833333333336,-86.23287499999998,96.85029166666668,-1.5252916666666667,-0.0029999999999998,,0.4875,False,
147832,QAS_Lv3,2022-11-05 00:00:00+00:00,967.1666666666666,0.3271666666666667,77.98774999999999,3.099083333333333,4.976791666666667,84.32249999999999,11.089833333333337,4.85125,274.8625416666667,306.89691666666675,-1.704791666666667,-15.580541666666667,34.300125,-1.5273333333333332,0.0210000000000001,,0.553125,False,
147833,QAS_Lv3,2022-11-06 00:00:00+00:00,969.375,0.7534166666666667,91.03629166666667,3.7584583333333335,2.055541666666667,186.70624999999998,35.10570833333333,15.356916666666665,300.33533333333327,313.40708333333333,-0.7374166666666667,0.10108333333333337,11.536999999999997,-1.518625,-0.0170000000000001,,0.8015416666666666,False,
147834,QAS_Lv3,2022-11-07 00:00:00+00:00,971.625,-2.8236666666666665,95.34358333333334,2.9529999999999994,1.0298333333333332,127.97358333333334,37.352000000000004,16.339625000000005,283.968875,296.3997083333333,-4.1842500000000005,0.7419583333333334,2.7307500000000005,-1.5316666666666665,-0.008,,0.8029583333333333,False,
147835,QAS_Lv3,2022-11-08 00:00:00+00:00,964.0833333333334,-3.7792083333333344,63.52808333333335,1.8262083333333334,5.527708333333333,64.2375,27.26058333333333,11.925125,221.9285416666667,283.9176666666667,-6.696333333333333,-21.878749999999997,46.09679166666667,-1.5331666666666666,0.0,,0.20191666666666663,False,
147836,QAS_Lv3,2022-11-09 00:00:00+00:00,960.4166666666666,-0.4409583333333332,62.665625,2.400375,5.850083333333331,62.836666666666645,30.865875,13.502208333333336,256.90425000000005,297.78987499999994,-3.672083333333333,-24.598125,58.62595833333334,-1.5273333333333332,0.0,,0.4042916666666667,False,
147837,QAS_Lv3,2022-11-10 00:00:00+00:00,958.9166666666666,-3.1631249999999995,96.23916666666666,2.9340833333333336,1.7553888888888889,170.50777777777776,34.818333333333335,15.231249999999998,301.6015416666667,301.02624999999995,-3.227041666666667,-2.7661666666666664,2.5102222222222212,-1.5119166666666668,0.0339999999999998,,0.9806666666666667,False,
147838,QAS_Lv3,2022-11-11 00:00:00+00:00,957.875,-6.113208333333333,95.49950000000001,2.272125,0.7538750000000001,97.94000000000001,27.942291666666666,12.223374999999999,287.8797916666667,281.965625,-7.659375000000001,0.106375,0.603,-1.500125,0.002,,0.9862083333333335,False,
147839,QAS_Lv3,2022-11-12 00:00:00+00:00,962.2916666666666,-2.4361249999999997,71.63208333333334,2.278375,3.6500833333333342,86.85208333333333,41.80529166666667,18.287666666666667,264.4785833333333,287.28995833333335,-6.194875000000001,-7.585833333333334,39.520999999999994,-1.4935833333333335,0.0089999999999998,,0.5805416666666666,False,
147840,QAS_Lv3,2022-11-13 00:00:00+00:00,957.0,1.7708333333333333,68.27104166666668,3.0898333333333334,7.460583333333333,132.77666666666667,26.638625,11.652958333333332,283.6802083333333,308.21083333333337,-1.76175,-25.949416666666668,76.89558333333333,-1.4894999999999998,-0.0190000000000001,,0.5706250000000002,False,
147841,QAS_Lv3,2022-11-14 00:00:00+00:00,963.2916666666666,3.192416666666667,58.56366666666667,2.904625,6.609249999999999,63.398749999999986,25.6165,11.205833333333333,271.2723333333334,312.503,-0.8919166666666668,-41.413916666666665,81.25483333333332,-1.49775,-0.014,,0.36829166666666674,False,
147842,QAS_Lv3,2022-11-15 00:00:00+00:00,971.7083333333334,-1.704208333333333,97.75354166666666,3.330791666666665,2.1775000000000007,143.22708333333335,17.728624999999997,7.755375,302.6537083333333,306.66179166666666,-1.9420416666666664,0.026041666666666703,3.2590416666666684,-1.5105416666666667,0.004,,0.9352499999999999,False,
147843,QAS_Lv3,2022-11-16 00:00:00+00:00,961.875,-6.5066250000000005,77.94791666666667,1.8234583333333338,4.352217391304348,225.56565217391307,20.541958333333334,8.985999999999999,251.01720833333331,275.37437500000004,-9.021875000000001,-10.138695652173912,27.046086956521737,-1.500125,0.0849999999999999,,0.6220416666666667,False,
147844,QAS_Lv3,2022-11-17 00:00:00+00:00,958.4347826086956,-8.742434782608695,69.46113043478262,1.3410454545454547,5.86204347826087,52.47434782608696,42.27654545454545,18.49381818181818,220.97299999999998,267.4412727272727,-10.764681818181815,-14.104818181818182,35.1105,-1.438625,-0.10099999999999991,,0.4102272727272727,False,
147845,QAS_Lv3,2022-11-18 00:00:00+00:00,952.0,-7.428625000000001,87.84649999999999,1.872333333333333,1.8455416666666657,82.402125,28.645833333333332,12.531083333333333,261.2619583333333,276.95037500000007,-8.67575,-0.5834166666666666,5.313166666666668,-1.4815833333333333,0.002,,0.7760833333333331,False,
147846,QAS_Lv3,2022-11-19 00:00:00+00:00,954.3333333333334,-3.1444999999999994,71.394,2.1759583333333334,2.4962500000000003,104.80291666666666,12.858875,5.625083333333333,245.51779166666674,281.560625,-7.4396666666666675,-0.49325000000000013,17.918791666666667,-1.4699583333333335,0.0189999999999999,,0.4145833333333333,False,
147847,QAS_Lv3,2022-11-20 00:00:00+00:00,955.75,-3.208958333333333,69.16358333333334,2.0982083333333335,2.0746666666666664,89.47125,23.033833333333334,10.076083333333333,237.64962500000001,278.10516666666666,-8.229416666666667,0.017333333333333294,12.423583333333335,-1.4668333333333334,-0.006000000000000001,,0.3360416666666666,False,
147848,QAS_Lv3,2022-11-21 00:00:00+00:00,961.25,-4.448666666666667,85.7555,2.3440833333333333,2.522,75.45833333333333,11.143083333333331,4.8745416666666666,247.57533333333333,278.85283333333336,-8.138583333333331,3.5237916666666664,17.42941666666667,-1.4683333333333335,0.0029999999999998,,0.4991249999999999,False,
147849,QAS_Lv3,2022-11-22 00:00:00+00:00,959.7916666666666,1.0583333333333333,60.65258333333333,2.5839583333333334,8.006833333333335,60.33958333333333,20.929875,9.155791666666667,244.53229166666662,299.6380833333333,-3.157791666666666,-32.46183333333333,91.44733333333333,-1.4576666666666667,0.0089999999999998,,0.198375,False,
147850,QAS_Lv3,2022-11-23 00:00:00+00:00,967.2916666666666,2.3575416666666675,51.65291666666667,2.4162916666666665,8.095916666666668,67.93916666666667,23.531000000000002,10.293625,261.9301666666667,305.5719166666667,-1.9257499999999999,-66.05204166666667,91.18495833333333,-1.4590416666666668,-0.0010000000000001,,0.3142916666666667,False,
147851,QAS_Lv3,2022-11-24 00:00:00+00:00,969.875,-0.7374583333333334,52.30345833333333,1.9255416666666667,8.379083333333336,55.316250000000004,25.463875,11.139125,227.55304166666667,292.93987500000003,-4.592583333333334,-51.210416666666674,91.41679166666667,-1.4694166666666666,-0.0030000000000001,,0.114375,False,
147852,QAS_Lv3,2022-11-25 00:00:00+00:00,959.2083333333334,0.602125,59.748083333333334,2.487416666666667,7.759541666666667,45.817499999999995,10.075833333333332,4.407708333333333,266.30887500000006,301.6455833333333,-2.868958333333333,-43.36291666666667,73.14574999999998,-1.4679583333333335,0.012000000000000002,,0.4498333333333333,False,
147853,QAS_Lv3,2022-11-26 00:00:00+00:00,963.7916666666666,2.1389166666666664,56.46191666666667,2.602166666666666,7.406416666666666,58.94166666666666,19.754208333333334,8.641416666666666,251.06008333333338,305.41108333333335,-1.9254999999999998,-47.54921739130434,83.91634782608696,-1.4724583333333332,-0.006000000000000001,,0.2104166666666666,False,
147854,QAS_Lv3,2022-11-27 00:00:00+00:00,976.5833333333334,-2.1985833333333336,94.22354166666663,3.0558333333333327,3.29825,101.56666666666666,11.960750000000003,5.232166666666667,297.5385416666666,303.11195833333335,-2.7166666666666663,-1.6925833333333333,6.582416666666666,-1.4810416666666668,-0.0089999999999998,,0.9112083333333335,False,
147855,QAS_Lv3,2022-11-28 00:00:00+00:00,964.2083333333334,-1.213166666666667,86.15745833333335,3.082708333333333,6.774708333333334,89.4925,10.401791666666666,4.550208333333333,298.79966666666667,304.68875,-2.4166666666666665,-10.500916666666667,26.189333333333334,-1.4764583333333334,0.02,,0.8784166666666668,False,
147856,QAS_Lv3,2022-11-29 00:00:00+00:00,960.625,-1.5790833333333334,97.23583333333333,3.3887500000000004,1.9402916666666663,181.94600000000003,14.482166666666666,6.335208333333333,308.8987916666666,303.526625,-2.7122083333333333,1.7250833333333329,3.4469583333333333,-1.4257916666666668,0.0189999999999999,,0.9944999999999998,False,
147857,QAS_Lv3,2022-11-30 00:00:00+00:00,951.625,-3.0992083333333333,82.96925,2.557875,7.177958333333333,42.76908333333333,11.936333333333332,5.221541666666667,290.82829166666664,285.8755,-6.771916666666667,-16.497583333333335,12.212708333333333,-1.429875,-0.04,,0.8862916666666666,False,
147858,QAS_Lv3,2022-12-01 00:00:00+00:00,966.7916666666666,-4.711749999999999,70.78066666666668,1.8666249999999998,8.801,221.21375,13.938166666666667,6.097208333333332,225.8602916666667,283.3145833333333,-6.878374999999999,-27.894916666666663,39.64025000000001,-1.502,-0.0509999999999999,,0.30783333333333335,False,
147859,QAS_Lv3,2022-12-02 00:00:00+00:00,978.0,-2.4666250000000005,73.32479166666667,2.404208333333333,5.7235000000000005,87.51916666666666,5.908458333333333,2.5846666666666667,273.86404166666665,292.99304166666667,-4.984333333333333,-14.651826086956527,43.659478260869555,-1.4992916666666665,0.137,,0.6783333333333333,False,
147860,QAS_Lv3,2022-12-03 00:00:00+00:00,988.9583333333334,-4.3998333333333335,91.66904166666666,2.5975,2.622,101.86999999999998,14.541125,6.361000000000001,275.5328333333334,291.393625,-5.396916666666667,-0.5627,-0.5539,-1.140375,0.5050000000000001,,0.7842083333333333,False,
147861,QAS_Lv3,2022-12-04 00:00:00+00:00,1000.125,-7.045833333333334,59.495916666666666,1.2510000000000001,5.016444444444446,48.92999999999999,5.6818333333333335,2.4854999999999996,208.69820833333333,262.99379166666665,-11.781875,-8.587444444444444,77.37083333333334,-0.8400833333333333,0.001,,0.21125000000000002,False,
147862,QAS_Lv3,2022-12-05 00:00:00+00:00,1006.125,0.9389166666666667,66.62674999999999,2.7172083333333337,4.157541666666667,59.969166666666666,9.698291666666668,4.2425,288.11870833333336,304.803,-2.3711249999999997,-15.535416666666663,39.541625,-1.1267500000000001,-0.4020000000000001,,0.6627916666666668,False,
147863,QAS_Lv3,2022-12-06 00:00:00+00:00,1012.375,1.8465,86.06499999999998,3.661958333333333,4.177166666666667,81.60625,9.800666666666666,4.287249999999999,316.652625,317.32879166666663,-0.07141666666666667,-4.787874999999999,28.126374999999992,-1.1213333333333333,-0.0929999999999999,,0.9178749999999999,False,
147864,QAS_Lv3,2022-12-07 00:00:00+00:00,1013.0833333333334,-1.729208333333333,69.63670833333335,2.305916666666666,3.8085416666666654,56.16416666666667,11.769916666666667,5.14875,244.6327499999999,290.6947083333333,-5.298875,-5.491375000000001,34.29237500000001,-1.181,0.4309999999999999,,0.3383333333333332,False,
147865,QAS_Lv3,2022-12-08 00:00:00+00:00,1009.9166666666666,-2.326333333333333,70.93487499999999,2.1997916666666666,3.68525,67.66704166666666,12.065375000000001,5.277916666666666,253.20795833333332,288.0056666666666,-5.950791666666668,-3.3743750000000006,34.052416666666666,-1.1474583333333335,-0.444,,0.45737500000000003,False,
147866,QAS_Lv3,2022-12-09 00:00:00+00:00,1009.4166666666666,-3.1694583333333335,62.71516666666665,1.820541666666667,4.5125217391304355,55.685652173913056,11.902541666666664,5.206708333333333,226.02054166666667,279.66275,-7.757708333333333,-7.3265652173913045,47.717565217391304,-1.2250416666666666,0.0050000000000001,,0.21258333333333337,False,
147867,QAS_Lv3,2022-12-10 00:00:00+00:00,1003.375,-6.062333333333332,56.360375000000005,1.2807083333333333,6.062625000000001,36.42125,14.444249999999998,6.318625,205.74566666666666,267.66241666666673,-10.569458333333333,-14.854791666666664,78.48783333333334,-1.0457916666666667,-0.008,,0.13670833333333332,False,
147868,QAS_Lv3,2022-12-11 00:00:00+00:00,1001.25,-2.809666666666667,54.60204166666668,1.6551666666666662,8.642083333333334,47.67750000000001,15.448666666666666,6.758,228.55595833333328,285.7562083333333,-6.316583333333331,-43.78633333333334,92.50295833333332,-1.28875,-0.47,,0.2241666666666667,False,
147869,QAS_Lv3,2022-12-12 00:00:00+00:00,997.9166666666666,-5.600083333333334,53.823208333333326,1.2796666666666667,5.294708333333333,54.54874999999999,14.510583333333331,6.347666666666666,205.0387916666667,269.2313333333333,-10.165083333333333,-14.771208333333334,75.05904166666667,-1.091,0.4479999999999999,,0.10704166666666666,False,
147870,QAS_Lv3,2022-12-13 00:00:00+00:00,1004.7916666666666,-7.627624999999999,55.54820833333333,1.1008333333333336,5.362708333333333,40.53208333333334,14.164,6.195999999999999,200.77524999999994,262.7005000000001,-11.780083333333332,-13.891708333333334,73.59504166666666,-0.9431250000000001,0.0,,0.15325000000000003,False,
147871,QAS_Lv3,2022-12-14 00:00:00+00:00,997.0,-6.6710416666666665,49.760083333333334,1.0837499999999998,5.340749999999999,58.30583333333333,3.983875,1.7427499999999998,192.56829166666668,261.41479166666664,-12.054833333333335,-13.847833333333334,77.69112500000001,-1.137875,0.4619999999999999,,0.037375,False,
147872,QAS_Lv3,2022-12-15 00:00:00+00:00,997.5833333333334,-7.748583333333333,70.5815,1.4020833333333336,4.683458333333333,44.563750000000006,12.324958333333333,5.391541666666666,225.53591666666668,267.7744583333333,-10.699375000000002,-6.420249999999999,43.28629166666666,-1.1005,-0.004,,0.4170416666666668,False,
147873,QAS_Lv3,2022-12-16 00:00:00+00:00,989.4166666666666,-5.5432916666666685,57.92608333333332,1.3925833333333335,5.900500000000001,67.63416666666667,13.896791666666665,6.079166666666667,212.3235833333333,267.7838333333334,-10.651958333333335,-21.824624999999994,66.34466666666667,-1.0995833333333334,-0.4399999999999999,,0.19224999999999995,False,
147874,QAS_Lv3,2022-12-17 00:00:00+00:00,991.625,-3.611875000000001,48.056333333333335,1.3629583333333333,6.568333333333334,69.95958333333333,13.155041666666667,5.754666666666666,207.76229166666667,277.16033333333337,-8.236791666666667,-32.345958333333336,86.80337500000002,-1.1170416666666667,0.4519999999999999,,0.05408333333333334,False,
147875,QAS_Lv3,2022-12-18 00:00:00+00:00,997.875,-7.186416666666667,60.155125000000005,1.2785,5.737041666666667,41.11625,10.034625,4.389666666666666,228.55499999999995,271.02308333333326,-9.926083333333333,-23.039666666666665,50.074041666666666,-0.9283750000000001,-0.001,,0.42204166666666665,False,
147876,QAS_Lv3,2022-12-19 00:00:00+00:00,994.375,-8.391250000000001,49.88795833333332,0.9335416666666667,4.152541666666667,59.81583333333332,13.64475,5.968875,189.09020833333332,253.02691666666666,-14.198583333333332,-8.715208333333333,61.47462499999998,-0.9145,-0.013,,0.06745833333333333,False,
147877,QAS_Lv3,2022-12-20 00:00:00+00:00,992.3333333333334,-9.459458333333332,50.75641666666667,0.8679166666666668,5.636124999999999,38.600833333333334,4.105666666666667,1.7960416666666668,187.1456666666667,256.2270833333333,-13.33825,-18.208208333333335,71.12500000000001,-0.914375,-0.016,,0.09016666666666669,False,
147878,QAS_Lv3,2022-12-21 00:00:00+00:00,992.75,-8.975291666666667,51.08070833333334,0.9148749999999998,5.600458333333333,50.89958333333334,3.9402500000000003,1.7237083333333334,185.96854166666665,256.65804166666675,-13.228500000000002,-16.95504166666667,78.72691666666665,-0.9162500000000001,0.008,,0.06112499999999999,False,
147879,QAS_Lv3,2022-12-22 00:00:00+00:00,991.625,-7.872583333333334,54.193708333333326,1.0646666666666667,6.568125000000001,46.408750000000005,4.165416666666667,1.8221666666666667,192.72445833333336,264.68095833333336,-11.218875000000002,-25.41099999999999,75.10908333333333,-0.9129999999999999,-0.0030000000000000005,,0.08079166666666668,False,
147880,QAS_Lv3,2022-12-23 00:00:00+00:00,991.1666666666666,-10.059583333333334,55.468166666666654,0.9011250000000001,5.676291666666667,39.225000000000016,4.409,1.9287083333333335,187.12658333333331,256.1984583333333,-13.347249999999997,-17.300208333333327,64.11737500000001,-0.9186666666666667,-0.001,,0.115375,False,
147881,QAS_Lv3,2022-12-24 00:00:00+00:00,990.0,-10.925416666666665,55.70829166666667,0.8379583333333335,4.575083333333333,55.75000000000001,4.186125,1.8312083333333333,181.65816666666663,249.81508333333332,-14.973541666666668,-8.918000000000001,60.50616666666665,-0.9200833333333334,0.0030000000000000005,,0.09462500000000001,False,
147882,QAS_Lv3,2022-12-25 00:00:00+00:00,983.2916666666666,-8.564,58.02270833333335,1.1009583333333333,6.420666666666668,61.37125,11.097791666666668,4.854708333333334,210.83941666666658,263.1122083333333,-11.788458333333333,-21.18170833333333,68.76887500000001,-0.913125,0.016,,0.29754166666666665,False,
147883,QAS_Lv3,2022-12-26 00:00:00+00:00,970.9166666666666,-2.9875833333333346,63.894416666666665,1.9758750000000003,7.320958333333333,63.101249999999986,12.553583333333334,5.491583333333334,278.1598333333333,292.6471666666667,-5.025083333333334,-39.3285,46.86620833333333,-0.9031666666666668,0.006000000000000001,,0.7498333333333331,False,
147884,QAS_Lv3,2022-12-27 00:00:00+00:00,970.2916666666666,-3.8612083333333334,93.03112500000002,2.64575,3.962958333333333,82.87458333333335,11.210458333333333,4.904041666666667,283.0508333333334,294.418,-4.636375,-1.0439583333333333,10.710166666666666,-0.8952916666666667,0.008,,0.8419999999999997,False,
147885,QAS_Lv3,2022-12-28 00:00:00+00:00,971.7916666666666,-5.971666666666667,67.95866666666667,1.6269166666666666,5.102083333333335,57.98041666666666,12.741499999999997,5.573708333333333,239.59908333333328,275.88304166666666,-8.793875,-12.273333333333333,47.907833333333336,-0.8960833333333333,-0.007,,0.48445833333333327,False,
147886,QAS_Lv3,2022-12-29 00:00:00+00:00,969.0833333333334,-9.848333333333333,53.69366666666667,0.9098749999999999,5.8187500000000005,44.15041666666667,5.37625,2.3518333333333334,184.532875,251.84637500000005,-14.46375,-11.411833333333334,87.61900000000001,-0.8997083333333333,-0.009,,0.08129166666666666,False,
147887,QAS_Lv3,2022-12-30 00:00:00+00:00,968.7083333333334,-13.143749999999997,52.37062500000001,0.6579166666666666,4.944958333333333,43.60658333333333,5.918500000000001,2.589,171.44679166666666,236.20812499999997,-18.576666666666664,-5.983625,74.18862500000002,-0.9081250000000001,-0.012000000000000002,,0.08633333333333336,False,
147888,QAS_Lv3,2022-12-31 00:00:00+00:00,967.625,-15.318333333333333,58.48737500000001,0.6057916666666667,5.431458333333333,45.88833333333333,6.568625,2.8735,165.74179166666667,231.0583333333333,-19.9505,-3.2968333333333324,79.90104166666669,-0.9142916666666667,0.0,,0.10291666666666666,False,
147889,QAS_Lv3,2023-01-01 00:00:00+00:00,962.9583333333334,-15.012916666666664,49.68358333333333,0.5330833333333334,5.000875,29.93754166666666,6.5916250000000005,2.8834999999999997,170.48454166666664,229.91437499999998,-20.329541666666668,-6.577958333333334,63.08845833333334,-0.9161666666666667,0.012000000000000002,,0.14250000000000004,False,
147890,QAS_Lv3,2023-01-02 00:00:00+00:00,964.7916666666666,-15.757916666666665,54.33354166666668,0.53625,4.803125000000001,124.11750000000005,8.168750000000001,3.5734166666666667,161.641625,228.10095833333335,-20.752083333333335,-5.179875,55.13550000000001,-0.9151666666666668,0.0,,0.09299999999999999,False,
147891,QAS_Lv3,2023-01-03 00:00:00+00:00,966.7916666666666,-15.55083333333333,54.65091666666666,0.5524166666666667,4.8142105263157875,43.21652631578948,13.493083333333333,5.902500000000001,169.2650416666667,229.73416666666662,-20.346124999999997,-3.5446315789473677,73.97531578947368,-0.9154166666666668,0.005,,0.149125,False,
147892,QAS_Lv3,2023-01-04 00:00:00+00:00,970.125,-7.379833333333333,77.47012500000001,1.686375,8.247250000000001,89.53291666666665,12.083374999999998,5.285833333333334,270.72933333333333,276.6965833333333,-8.854416666666667,-15.789083333333332,38.4515,-0.89975,0.021,,0.8707500000000001,False,
147893,QAS_Lv3,2023-01-05 00:00:00+00:00,962.5652173913044,-2.7883913043478263,64.96547826086956,2.0368636363636368,14.255652173913044,74.58478260869565,14.517818181818184,6.350818181818181,263.7288181818181,293.69449999999995,-4.665636363636364,-72.11827272727272,76.83954545454546,-0.8980833333333335,-0.0519999999999999,,0.5889545454545454,False,
147894,QAS_Lv3,2023-01-06 00:00:00+00:00,973.8333333333334,-5.240375000000001,53.317375000000006,1.3707916666666664,9.944375,53.61833333333333,20.586625,9.005583333333334,214.10558333333333,277.81945833333333,-8.149541666666666,-54.33217391304347,76.51195652173915,-0.9547916666666666,-0.005,,0.18883333333333327,False,
147895,QAS_Lv3,2023-01-07 00:00:00+00:00,977.875,-6.971791666666667,56.695875,1.2227083333333335,4.385666666666666,59.79749999999999,18.879208333333334,8.258708333333333,212.56483333333333,265.88033333333334,-11.064833333333334,-11.64091666666667,54.270500000000006,-0.9511666666666666,0.0030000000000000005,,0.24737499999999998,False,
147896,QAS_Lv3,2023-01-08 00:00:00+00:00,973.0833333333334,-6.2381666666666655,63.67604166666664,1.4719999999999998,4.584958333333333,75.585,16.99191666666667,7.433083333333335,237.84970833333333,274.57041666666663,-9.086208333333333,-14.858000000000002,43.087208333333336,-0.9495833333333333,-0.002,,0.4785416666666667,False,
147897,QAS_Lv3,2023-01-09 00:00:00+00:00,965.875,-2.494416666666666,61.637708333333336,1.9892083333333337,7.009416666666667,77.74208333333333,14.8035,6.475750000000001,272.0996666666667,292.0142916666667,-5.141416666666667,-34.604916666666675,52.46045833333333,-1.1982083333333333,-0.5230000000000001,,0.6624166666666665,False,
147898,QAS_Lv3,2023-01-10 00:00:00+00:00,966.25,-3.7285,53.30783333333334,1.5429166666666665,7.01575,55.94416666666667,18.970166666666668,8.298458333333334,242.07458333333338,284.9542916666666,-6.592,-42.93931818181818,59.433772727272746,-1.36625,0.49600000000000016,,0.4074166666666666,False,
147899,QAS_Lv3,2023-01-11 00:00:00+00:00,968.7916666666666,-5.632749999999999,56.67670833333332,1.3856666666666666,4.574416666666666,57.13625,13.729416666666665,6.005916666666667,244.6610833333334,278.062,-8.282291666666667,,,-0.9824166666666666,-0.0030000000000000005,,0.5220833333333333,False,
147900,QAS_Lv3,2023-01-12 00:00:00+00:00,971.375,-10.490250000000001,65.04629166666666,1.0314166666666666,4.002624999999999,53.17833333333334,11.839166666666666,5.179,191.59725,255.30854166666666,-13.627208333333334,,,-0.9935416666666667,-0.015,,0.17966666666666667,False,
147901,QAS_Lv3,2023-01-13 00:00:00+00:00,975.0416666666666,-14.053749999999999,71.60395833333332,0.8373333333333335,4.314166666666666,58.206666666666656,12.929,5.65575,177.44120833333332,243.37341666666669,-16.6655,,,-1.00025,-0.002,,0.1760833333333333,False,
147902,QAS_Lv3,2023-01-14 00:00:00+00:00,972.2083333333334,-9.754458333333334,75.84875000000001,1.2985416666666663,7.028333333333335,60.80229166666666,17.964916666666664,7.858791666666668,234.25358333333335,266.44599999999997,-11.099833333333335,,,-0.9878333333333332,0.008,,0.5942083333333334,False,
147903,QAS_Lv3,2023-01-15 00:00:00+00:00,978.0,-10.837916666666665,74.75233333333334,1.1592916666666668,6.920249999999999,140.35958333333332,23.237124999999995,10.165000000000001,210.3162083333333,259.999625,-12.558041666666668,,,-0.9972500000000001,0.016,,0.3930416666666667,False,
147904,QAS_Lv3,2023-01-16 00:00:00+00:00,988.4583333333334,-15.721250000000003,78.5805,0.7869583333333333,9.11725,208.49670833333334,13.872541666666669,6.068541666666667,170.15266666666665,242.88458333333327,-16.755083333333328,,,-0.9819583333333334,-0.0429999999999999,,0.16395833333333332,False,
147905,QAS_Lv3,2023-01-17 00:00:00+00:00,989.4166666666666,-12.029583333333333,67.39408333333333,0.9386666666666668,6.262625,64.11208333333333,16.870958333333334,7.380124999999999,232.24591666666663,255.63495833333334,-13.89925,,,-1.0378333333333332,-0.3940000000000001,,0.6662916666666666,False,
147906,QAS_Lv3,2023-01-18 00:00:00+00:00,976.3333333333334,-3.79025,65.287625,1.890666666666667,4.998333333333333,65.09708333333333,17.51804166666667,7.663208333333333,277.2395833333333,286.52687499999996,-6.487500000000001,,,-1.3942083333333333,0.026,,0.7768750000000001,False,
147907,QAS_Lv3,2023-01-19 00:00:00+00:00,966.2916666666666,-2.8716666666666666,86.14583333333333,2.6795416666666667,6.225416666666667,72.47166666666666,18.968,8.2975,292.2535,297.82225,-3.911166666666667,,,-1.3877499999999998,-0.0089999999999998,,0.8917083333333332,False,
147908,QAS_Lv3,2023-01-20 00:00:00+00:00,960.2916666666666,-13.212208333333335,71.14224999999999,0.9255000000000001,9.95375,101.53595833333333,5.059833333333334,2.213375,166.04208333333335,251.90291666666667,-14.343375,,,-1.4129583333333333,-0.0710000000000001,,0.04533333333333334,False,
147909,QAS_Lv3,2023-01-21 00:00:00+00:00,967.3333333333334,-17.817916666666665,64.88033333333333,0.5315,7.651458333333333,147.93066666666667,5.114958333333333,2.2375416666666665,150.69366666666667,231.44162500000004,-19.721791666666665,,,-1.4510833333333333,0.0090000000000001,,0.05566666666666667,False,
147910,QAS_Lv3,2023-01-22 00:00:00+00:00,976.0,-12.2825,73.62408333333333,1.0242499999999999,5.371291666666668,54.95666666666665,5.724166666666666,2.5040416666666667,210.26841666666664,251.70783333333335,-14.736916666666664,,,-1.421125,0.0369999999999999,,0.44825000000000004,False,
147911,QAS_Lv3,2023-01-23 00:00:00+00:00,974.2608695652174,-7.078086956521739,66.02895652173913,1.4318636363636366,6.138652173913044,51.98999999999999,37.47431818181818,16.393090909090912,218.67563636363636,267.2878636363637,-10.779590909090908,,,-1.3981666666666666,0.0170000000000001,,0.3153181818181818,False,
147912,QAS_Lv3,2023-01-24 00:00:00+00:00,977.5,-4.299875,92.59875,2.51725,4.242583333333333,92.6475,31.599166666666672,13.823,286.509,292.39012499999995,-5.138125,,,-1.3298333333333334,0.0909999999999999,,0.8975833333333333,False,
147913,QAS_Lv3,2023-01-25 00:00:00+00:00,965.1666666666666,-0.24441666666666664,96.73158333333332,3.752416666666667,10.041500000000001,127.32083333333328,26.613625,11.642083333333332,311.2067083333333,312.523375,-0.8194166666666666,,,-1.2785,0.032,,0.9647916666666666,False,
147914,QAS_Lv3,2023-01-26 00:00:00+00:00,976.0833333333334,-6.624083333333334,91.63412499999998,2.235375000000001,6.435958333333335,214.70370833333337,22.082624999999997,9.659958333333334,259.6672083333333,284.56337500000006,-6.9344583333333345,,,-1.2393750000000001,0.038,,0.7142499999999998,False,
147915,QAS_Lv3,2023-01-27 00:00:00+00:00,970.5,-6.400041666666667,86.387,2.206458333333333,9.491083333333334,85.61166666666668,21.78654166666667,9.5305,274.52687499999996,282.33008333333333,-7.571625000000002,,,-1.1578333333333333,0.2650000000000001,,0.8642083333333334,False,
147916,QAS_Lv3,2023-01-28 00:00:00+00:00,962.2083333333334,-4.873333333333334,98.97729166666669,2.725541666666666,7.8922083333333335,219.07083333333333,23.794083333333333,10.408666666666667,266.72420833333337,293.28125,-4.873208333333333,,,-0.7987083333333334,0.158,,0.7134166666666667,False,
147917,QAS_Lv3,2023-01-29 00:00:00+00:00,982.5,-10.466124999999996,74.30149999999999,1.1839583333333337,7.428791666666666,114.73349999999999,36.21991666666667,15.844375,228.7841666666667,261.44695833333327,-12.355291666666668,,,-0.82,-0.0929999999999999,,0.5654166666666668,False,
147918,QAS_Lv3,2023-01-30 00:00:00+00:00,971.2083333333334,-7.867416666666667,70.54625,1.4184999999999999,6.091208333333332,61.903749999999995,19.557291666666668,8.555333333333332,230.72912499999998,269.237625,-10.368416666666667,,,-0.8347083333333333,0.020999999999999897,,0.47629166666666656,False,
147919,QAS_Lv3,2023-01-31 00:00:00+00:00,975.4166666666666,-9.452041666666666,82.99000000000002,1.4623333333333335,4.410875,95.48708333333337,46.1515,20.188833333333335,240.12125000000003,265.66350000000006,-11.36245833333333,,,-0.8532083333333333,-0.021,,0.643125,False,
147920,QAS_Lv3,2023-02-01 00:00:00+00:00,964.2083333333334,-9.802375,80.35758333333335,1.374583333333333,5.17925,62.47708333333333,35.819833333333335,15.669333333333336,229.02912500000002,261.77858333333336,-12.24729166666667,,,-0.8605416666666666,-0.012000000000000002,,0.54225,False,
147921,QAS_Lv3,2023-02-02 00:00:00+00:00,963.2916666666666,-11.959583333333333,74.82962500000001,1.0570833333333334,6.781291666666667,142.37574999999998,1.5419583333333335,0.6745833333333334,189.56375,250.96808333333334,-14.745500000000005,,,-0.8761666666666666,-0.045000000000000005,,0.22175000000000003,False,
147922,QAS_Lv3,2023-02-03 00:00:00+00:00,959.25,-13.500416666666668,81.29391666666668,0.9996666666666666,4.144833333333334,199.35708333333332,58.53791666666666,25.607375,201.90933333333336,244.2764166666666,-16.628833333333333,,,-0.8999583333333333,-0.001,,0.4120416666666668,False,
147923,QAS_Lv3,2023-02-04 00:00:00+00:00,954.4166666666666,-11.126374999999998,75.07966666666665,1.3227499999999999,9.51425,136.88833333333335,40.858125,17.873333333333335,212.44995833333329,257.19775000000004,-13.50091666666667,,,-0.8848333333333334,0.031,,0.4170416666666666,False,
147924,QAS_Lv3,2023-02-05 00:00:00+00:00,944.0833333333334,-9.464625,88.23862500000001,1.6409583333333335,6.5843333333333325,133.34754166666667,43.77587499999999,19.14975,247.04529166666669,270.42587499999996,-10.228041666666666,,,-0.8288333333333333,0.0829999999999999,,0.7141666666666665,False,
147925,QAS_Lv3,2023-02-06 00:00:00+00:00,961.7916666666666,-15.912500000000003,77.66258333333333,0.7877083333333333,7.41125,129.31562499999998,48.39291666666667,21.169416666666667,206.21933333333334,242.53712499999995,-17.145666666666664,,,-0.8431666666666667,-0.05899999999999991,,0.55225,False,
147926,QAS_Lv3,2023-02-07 00:00:00+00:00,969.4166666666666,-20.05875,77.06174999999999,0.5082916666666667,11.223999999999997,41.8245652173913,25.531583333333334,11.168750000000001,161.96895833333335,227.79858333333334,-20.838291666666667,,,-0.8740833333333334,-0.073,,0.2409999999999999,False,
147927,QAS_Lv3,2023-02-08 00:00:00+00:00,975.625,-12.941916666666666,84.63645833333334,1.2282916666666666,6.495041666666668,109.17629166666664,38.428625000000004,16.8105,237.67733333333334,253.0225416666666,-14.76675,,,-0.8539166666666667,0.135,,0.754125,False,
147928,QAS_Lv3,2023-02-09 00:00:00+00:00,963.2916666666666,-4.522875,84.90970833333333,2.2929166666666667,2.3835833333333336,174.39625,49.46275,21.63745833333334,290.6900416666666,289.3990416666666,-5.875833333333333,,,-0.7898333333333333,0.013,,0.9472916666666666,False,
147929,QAS_Lv3,2023-02-10 00:00:00+00:00,961.8333333333334,-6.059625,96.75158333333333,2.3265000000000002,1.2739166666666668,210.34916666666666,63.00666666666667,27.56220833333334,291.20362499999993,287.5375000000001,-6.332583333333335,,,-0.7661666666666668,-0.0030000000000000005,,0.9967083333333333,False,
147930,QAS_Lv3,2023-02-11 00:00:00+00:00,960.0,-14.865416666666668,78.792,0.8902916666666666,7.773583333333334,119.23975,7.572,3.312375,210.90920833333337,248.3113749999999,-15.644208333333333,,,-0.8185833333333333,-0.0699999999999999,,0.5503333333333333,False,
147931,QAS_Lv3,2023-02-12 00:00:00+00:00,953.5833333333334,-14.13791666666667,60.76733333333333,0.7276250000000001,2.8712083333333323,87.13879166666668,64.68879166666666,28.298,187.08520833333333,234.00683333333328,-19.35620833333334,,,-0.8428333333333332,0.028,,0.2784583333333333,False,
147932,QAS_Lv3,2023-02-13 00:00:00+00:00,949.5,-10.156666666666666,71.83683333333333,1.2141250000000003,2.0380434782608696,209.62739130434775,65.22041666666668,28.530583333333336,232.1274583333333,259.21562500000005,-12.950041666666664,,,-0.8294583333333333,-0.005,,0.6018749999999999,False,
147933,QAS_Lv3,2023-02-14 00:00:00+00:00,959.2083333333334,-13.719583333333334,59.12833333333332,0.7120416666666666,6.133541666666666,213.7170833333333,9.797333333333334,4.285833333333334,161.4425,239.96574999999996,-17.455833333333334,,,-0.8460833333333334,-0.012000000000000002,,0.021999999999999995,False,
147934,QAS_Lv3,2023-02-15 00:00:00+00:00,966.875,-14.347083333333336,61.36433333333333,0.6996666666666668,3.4858749999999996,93.68499999999999,61.499125,26.902708333333333,184.94704166666665,233.13641666666663,-19.57833333333333,,,-0.85125,0.013,,0.26975,False,
147935,QAS_Lv3,2023-02-16 00:00:00+00:00,970.125,-9.116541666666668,83.32912499999999,1.5148333333333335,5.455750000000001,63.45675000000001,38.179833333333335,16.701708333333332,238.0407083333333,267.46337500000004,-10.871,,,-0.8002083333333334,0.0349999999999999,,0.6065416666666668,False,
147936,QAS_Lv3,2023-02-17 00:00:00+00:00,966.2083333333334,-4.122083333333333,83.22012500000001,2.3835,8.799250000000002,89.91583333333335,69.180125,30.26279166666667,282.88008333333335,289.9535416666667,-5.754583333333333,,,-0.7930833333333333,-0.01,,0.8497500000000002,False,
147937,QAS_Lv3,2023-02-18 00:00:00+00:00,953.5652173913044,-3.785565217391304,88.85595652173913,2.6081363636363637,7.376086956521739,117.21347826086954,75.74036363636363,33.13259090909091,285.16431818181815,296.29449999999997,-4.2182272727272725,,,-0.7769583333333334,0.062,,0.8564999999999997,False,
147938,QAS_Lv3,2023-02-19 00:00:00+00:00,963.5833333333334,-8.679041666666667,87.87745833333332,1.7423750000000002,6.38975,199.38125,86.702625,37.92791666666667,244.2638333333334,274.373875,-9.244124999999999,,,-0.7089166666666666,0.0659999999999999,,0.6497083333333334,False,
147939,QAS_Lv3,2023-02-20 00:00:00+00:00,974.6666666666666,-15.231250000000001,72.55949999999999,0.752625,8.626375,41.09875,22.965833333333336,10.046375,181.062,243.16387499999996,-16.764499999999995,,,-0.6706249999999999,-0.011000000000000001,,0.2625,False,
147940,QAS_Lv3,2023-02-21 00:00:00+00:00,,,,,,,,,,,,,,-0.661875,0.084,,,False,
