,stid,Datetime,Air pressure (upper boom),Air temperature (upper boom),Relative humidity (upper boom) - corrected,Specific humidity (upper boom),Wind speed (upper boom),Wind from direction (upper boom),Downwelling shortwave radiation - corrected,Upwelling shortwave radiation - corrected,Downwelling longwave radiation,Upwelling longwave radiation,Surface temperature,Latent heat flux (upper boom),Sensible heat flux (upper boom),Surface height from combined measurements DELTA,Albedo,Cloud cover,Ablation,Melting Season
31307,THU_U2,2018-05-27 00:00:00+00:00,914.3972916666665,-8.293608333333333,80.20234166666667,1.6430749999999996,5.608991666666666,243.8755416666667,308.37805833333334,258.41200833333335,235.55330833333332,275.8897333333333,-8.770583333333335,-16.852233333333334,5.881625000000001,0.137,0.8179027777777779,0.5446166666666666,False,
31308,THU_U2,2018-06-03 00:00:00+00:00,920.186351190476,-6.2445,85.0256130952381,2.1144940476190475,6.545654761904761,266.35082142857146,322.3704107142857,275.0882321428572,257.7445833333333,287.30126190476193,-6.18054761904762,-18.79,0.44476190476190436,0.026999999999999896,0.8567651515151515,0.6847083333333333,False,
31309,THU_U2,2018-06-10 00:00:00+00:00,924.4280297619049,-4.143065476190476,78.19129761904762,2.265595238095238,5.802160714285715,236.492,356.1386369047619,287.51574999999997,241.89594047619048,293.1260952380953,-4.718952380952381,-26.2618869047619,7.253351190476191,-0.014,0.8092839588982447,0.427452380952381,False,
31310,THU_U2,2018-06-17 00:00:00+00:00,922.1614047619048,0.9989583333333334,69.22045833333334,2.9846666666666666,6.804488095238095,212.57362500000002,356.1362202380952,267.8711785714286,259.62102380952376,312.1579107142857,-0.9356785714285715,-43.5803869047619,32.66561309523809,-0.05999999999999999,0.767969387755102,0.3582916666666666,False,
31311,THU_U2,2018-06-24 00:00:00+00:00,911.4382321428573,-2.786404761904762,79.14498214285713,2.592184523809524,8.380303571428572,256.85096428571427,368.97568452380955,297.6519464285714,248.84608333333333,298.77354166666674,-3.4985238095238103,-28.546803571428573,11.34470238095238,0.1449999999999999,0.8161530612244899,0.43196428571428575,False,
31312,THU_U2,2018-07-01 00:00:00+00:00,919.9484404761905,0.4891904761904762,70.70205952380952,2.9630833333333335,6.547708333333333,241.60275595238096,352.94174404761907,268.7572440476191,257.88962499999997,310.1990535714286,-1.3094761904761907,-36.4864880952381,27.61691666666667,-0.0869999999999996,0.7679285714285715,0.36814285714285716,False,
31313,THU_U2,2018-07-08 00:00:00+00:00,917.0219523809525,-1.0069761904761905,82.64477380952381,3.128619047619048,5.438279761904761,256.9039702380952,306.8103095238096,243.31235119047616,278.0593869047619,310.3112857142857,-1.1923690476190476,-21.84531547619048,0.8160357142857139,0.018999999999999802,0.7998367346938776,0.652922619047619,False,
31314,THU_U2,2018-07-15 00:00:00+00:00,915.7168690476191,-2.5128809523809528,92.06443452380952,3.1007738095238095,8.227982142857144,270.6404107142857,259.4069226190476,225.03348214285717,286.72860714285713,304.33004166666666,-2.413898809523809,-15.100845238095236,0.25894642857142824,0.19999999999999968,0.8726996336996337,0.8169345238095238,False,
31315,THU_U2,2018-07-22 00:00:00+00:00,919.7066964285714,0.3956190476190477,77.59136904761905,3.221041666666667,5.148583333333333,220.57647619047617,302.04520833333333,235.97162500000005,270.5034166666666,311.8180952380953,-1.0334166666666664,-22.131869047619052,14.445202380952379,-0.03399999999999991,0.7966785714285713,0.5021369047619048,False,
31316,THU_U2,2018-07-29 00:00:00+00:00,916.4692202380953,-1.3277261904761903,88.27727976190477,3.2686845238095237,8.219315476190475,252.0037619047619,256.81531547619045,209.7456130952381,277.83110714285715,308.09235119047617,-1.603142857142857,-15.160357142857139,3.6665773809523814,0.010000000000000002,0.8242261904761905,0.6666190476190476,False,
31317,THU_U2,2018-08-05 00:00:00+00:00,917.205636904762,0.5380595238095237,94.08509523809525,4.032321428571428,8.979416666666667,269.6234047619048,201.58979166666663,157.07921428571427,302.3159761904762,314.9861071428572,-0.45408333333333334,2.8060021645021638,19.876895562770564,0.08099999999999981,0.7833888888888888,0.8315416666666666,False,
31318,THU_U2,2018-08-12 00:00:00+00:00,916.475386904762,0.4315535714285715,96.1934880952381,4.109452380952381,9.661904761904763,266.8273571428571,177.9661369047619,135.41805357142857,302.5547142857143,315.36213095238094,-0.3167083333333333,6.365762798795408,12.378080486542444,-0.010999999999999895,0.7867103174603175,0.8403452380952381,False,
31319,THU_U2,2018-08-19 00:00:00+00:00,916.1982202380952,1.2168690476190478,83.69313095238094,3.748571428571428,5.508666666666666,258.8248690476191,163.5391607142857,116.79247619047621,287.97951190476186,314.4263630952381,-0.43655357142857143,-6.286535714285714,16.855029761904763,0.005,0.7221913265306122,0.6504047619047618,False,
31320,THU_U2,2018-08-26 00:00:00+00:00,919.5445000000001,-1.0734761904761905,82.27818452380953,3.1441309523809524,6.377874999999999,261.5595238095238,167.15458928571428,122.19067261904762,261.46545238095234,305.3204285714286,-2.069452380952381,-19.455083333333334,18.555357142857144,-0.008999999999999998,0.7359809523809524,0.4842261904761905,False,
31321,THU_U2,2018-09-02 00:00:00+00:00,915.8459166666665,-3.921767857142857,83.76082142857142,2.526071428571428,5.696345238095239,261.83245238095236,142.10115476190475,108.25608333333334,257.4242619047619,292.13456547619046,-5.015202380952381,-10.833,14.838214285714287,0.012999999999999897,0.8019375,0.5764821428571428,False,
31322,THU_U2,2018-09-09 00:00:00+00:00,918.7700059523808,-4.190202380952381,86.62660714285713,2.590916666666667,5.1278804945054945,264.81969001831504,122.87168452380955,90.18222023809524,266.0446666666666,291.8077916666667,-5.18417857142857,-7.601113553113554,16.60867445054945,0.0589999999999999,,0.673654761904762,False,
31323,THU_U2,2018-09-16 00:00:00+00:00,920.7327857142858,-5.928297619047619,89.08125,2.2634880952380954,5.032369047619048,265.2202797619047,92.09839285714285,68.10075595238095,253.42007738095236,282.9943273809523,-7.180309523809525,-2.4163630952380957,14.27232142857143,0.012,,0.6264464285714286,False,
31324,THU_U2,2018-09-23 00:00:00+00:00,924.5941250000002,-10.73425,81.09189880952381,1.3483333333333332,3.269805076137313,239.71000022784233,74.9871488095238,55.92370833333333,224.56505357142856,261.0152738095238,-12.44432142857143,-4.254221548188653,15.258598048150679,0.009,,0.5338214285714286,False,
31325,THU_U2,2018-09-30 00:00:00+00:00,912.1182142857142,-10.779059523809524,83.17476785714287,1.4424523809523808,4.968827380952381,264.61430357142854,58.59798809523809,44.03490476190476,233.3626011904762,261.710005952381,-12.35388095238095,-3.4289940476190472,21.02204761904762,0.0459999999999999,,0.6273511904761905,False,
31326,THU_U2,2018-10-07 00:00:00+00:00,917.2775654761905,-9.396083333333333,77.29136904761904,1.5008154761904762,6.939113095238096,259.9436428571429,41.6657380952381,31.549428571428567,224.86429761904762,265.32379166666664,-11.379934523809524,-10.178267857142856,36.160803571428566,0.026000000000000002,,0.4788035714285714,False,
31327,THU_U2,2018-10-14 00:00:00+00:00,909.2848809523811,-10.918190476190476,86.96942261904762,1.462452380952381,4.781755952380953,262.9306607142857,16.83693452380952,12.847785714285715,249.5713511904762,261.5917976190476,-12.518559523809525,-3.598946428571428,8.767988095238094,-0.018000000000000002,,0.8041309523809524,False,
31328,THU_U2,2018-10-21 00:00:00+00:00,910.351101190476,-15.629904761904763,84.88898809523809,0.925982142857143,3.1344523809523817,254.80088690476188,9.14852380952381,7.035083333333334,238.7236428571429,243.601494047619,-17.13807142857143,-0.9577440476190475,11.597190476190477,-0.020999999999999998,,0.8858750000000001,False,
31329,THU_U2,2018-10-28 00:00:00+00:00,926.519732142857,-19.07217261904762,80.68018452380953,0.6339285714285714,4.517785714285714,253.5490238095238,2.828333333333333,2.191392857142857,212.3832142857143,230.4706071428572,-20.566898809523813,-2.2446547619047617,21.46379166666667,-0.0079999999999998,,0.7407202380952381,False,
31330,THU_U2,2018-11-04 00:00:00+00:00,923.1108154761905,-17.78267261904762,63.750767857142854,0.5401369047619048,4.02377380952381,228.4780357142857,0.9279166666666666,0.7243333333333333,189.92850595238093,224.609125,-22.029833333333332,-2.501047619047619,40.979553571428575,0.057,,0.4525773809523809,False,
31331,THU_U2,2018-11-11 00:00:00+00:00,923.3482738095237,-20.544315476190473,56.32044047619047,0.3686428571428571,4.552357142857143,246.87270833333332,0.04816666666666664,0.037851190476190455,158.49695238095242,206.02834523809523,-27.222767857142856,-0.7284702380952383,56.628077380952384,0.065,,0.21883333333333327,False,
31332,THU_U2,2018-11-18 00:00:00+00:00,913.8147678571429,-21.034273809523807,74.22363095238096,0.5004226190476191,6.111714285714285,259.07086309523805,0.0,0.0,200.89308928571427,223.36435119047619,-22.519940476190474,-5.3883511904761905,25.00488095238095,-0.0879999999999998,,0.6926904761904762,False,
31333,THU_U2,2018-11-25 00:00:00+00:00,920.9599464285714,-15.633869047619047,80.66553571428572,1.0122559523809525,8.65921130952381,275.84576488095234,0.0,0.0,218.29775595238092,243.64845238095236,-17.166708333333332,-6.424011904761905,27.43813988095238,0.11199999999999989,,0.6586785714285714,False,
31334,THU_U2,2018-12-02 00:00:00+00:00,923.2209523809524,-23.51455357142857,78.14495238095239,0.3977678571428571,4.841036758563074,267.81426305346696,0.0,0.0,186.11737499999998,214.5477976190476,-24.931613095238095,-2.8630515873015874,20.115756892230575,-0.057999999999999906,,0.6259940476190476,False,
31335,THU_U2,2018-12-09 00:00:00+00:00,912.4937083333333,-20.829708333333333,82.1713869047619,0.5837857142857141,6.442994047619047,279.2872976190476,0.0,0.0,215.12573214285717,228.56509523809524,-21.176726190476195,-5.570261904761904,6.500857142857141,0.06299999999999989,,0.8344821428571431,False,
31336,THU_U2,2018-12-16 00:00:00+00:00,908.6156785714285,-22.93772023809524,67.40770833333333,0.3825892857142857,7.928624999999999,267.4755,0.0,0.0,187.58286309523808,213.0399107142857,-25.530541666666664,-7.39035119047619,28.270934523809526,0.011999999999999698,,0.6015833333333332,False,
31337,THU_U2,2018-12-23 00:00:00+00:00,912.8651785714285,-21.204363095238097,76.63912499999999,0.5100714285714286,4.371357142857144,252.48768452380955,0.0,0.0,207.17270833333336,222.32905952380952,-22.851767857142857,-2.5885952380952375,22.27577976190476,0.005000000000000113,,0.7682202380952381,False,
31338,THU_U2,2018-12-30 00:00:00+00:00,915.0224345238096,-24.52038095238095,64.63389880952381,0.3011190476190476,6.093613095238096,227.7554226190476,0.0,0.0,149.18559523809523,205.53687499999998,-27.32434523809524,-4.623922619047619,44.936565476190474,-0.026,,0.2636369047619048,False,
31339,THU_U2,2019-01-06 00:00:00+00:00,913.0949523809523,-18.370821428571425,76.52385119047618,0.6831369047619047,6.1455119047619045,258.6283095238095,0.0,0.0,199.24700595238096,230.95702976190475,-20.411,-5.171434523809523,28.648339285714286,-0.009000000000000202,,0.5708988095238096,False,
31340,THU_U2,2019-01-13 00:00:00+00:00,920.6436845238095,-28.76832738095238,65.94368452380952,0.20401190476190473,6.04235119047619,246.30009523809522,0.0,0.0,138.76506547619047,189.94398809523813,-32.166089285714285,-1.562375,49.86652380952381,0.0020000000000000018,,0.28274999999999995,False,
31341,THU_U2,2019-01-20 00:00:00+00:00,909.7289226190476,-29.930988095238092,72.78703571428572,0.21163690476190472,5.345238095238095,251.10814285714287,0.0,0.0,145.82882142857144,189.16679166666668,-32.514827380952376,-0.5547083333333334,41.95835119047619,0.004,,0.3998809523809524,False,
31342,THU_U2,2019-01-27 00:00:00+00:00,915.8943214285713,-26.405416666666667,69.20217261904762,0.2552321428571428,6.816738095238096,261.4390119047619,0.0,0.0,171.43761904761905,201.965125,-28.593982142857147,-3.4015595238095244,29.025702380952378,-0.012,,0.5713511904761904,False,
31343,THU_U2,2019-02-03 00:00:00+00:00,920.0559583333334,-21.440714285714286,61.0738869047619,0.36773214285714284,6.784398809523809,247.74405357142857,0.0007023809523809428,0.0006011904761904714,167.9334523809524,214.09486904761903,-24.913160714285713,-5.325767857142857,52.067,-0.004999999999999999,,0.35351785714285716,False,
31344,THU_U2,2019-02-10 00:00:00+00:00,919.9443214285714,-20.07103571428571,65.81497619047619,0.46079166666666665,4.188411904761905,231.82082976190478,0.29980357142857145,0.2595,176.7574880952381,216.77660119047619,-24.20220238095238,-1.554372619047619,43.5856369047619,-0.0209999999999998,,0.39882738095238096,False,
31345,THU_U2,2019-02-17 00:00:00+00:00,915.7348273809523,-19.979267857142855,53.23309523809524,0.36505952380952383,3.9490952380952384,237.98511309523812,1.6074940476190476,1.398922619047619,170.58164285714284,211.05791071428573,-25.932815476190477,-3.551571428571428,45.61379761904762,0.009999999999999898,,0.32416666666666666,False,
31346,THU_U2,2019-02-24 00:00:00+00:00,902.6002797619049,-24.420488095238095,69.40299404761905,0.3402023809523809,3.855982142857143,222.75957142857143,7.189660714285714,6.303511904761905,170.1478392857143,204.05666666666664,-28.001726190476194,-0.6135833333333333,41.91747619047619,0.003000000000000001,,0.48270238095238094,False,
31347,THU_U2,2019-03-03 00:00:00+00:00,914.627511904762,-22.07314880952381,55.883321428571435,0.32587499999999997,7.042061224489795,233.70191326530613,18.00882142857143,15.88582142857143,156.48042857142858,213.19736904761905,-25.078440476190476,-8.930418367346938,58.14406632653061,-0.005999999999999999,,0.2556369047619048,False,
31348,THU_U2,2019-03-10 00:00:00+00:00,912.9047619047618,-23.153285714285715,81.98857738095238,0.4403809523809524,4.9773104166666675,284.76176875000004,18.01095833333333,15.989767857142855,215.8223095238095,221.4618333333333,-23.153690476190473,-4.586985416666667,1.3900208333333335,-0.034999999999999795,,0.9348869047619047,False,
31349,THU_U2,2019-03-17 00:00:00+00:00,913.516625,-29.82847023809524,75.85948214285715,0.21915476190476185,4.470574927536232,246.3976963768116,37.60854761904762,33.63485119047619,178.86792261904762,194.99008333333333,-31.00241666666667,-2.116410072463768,11.009452826086957,-0.004999999999999995,,0.7635892857142856,False,
31350,THU_U2,2019-03-24 00:00:00+00:00,905.4384345238095,-34.46080952380953,66.46450595238096,0.10921428571428568,4.7156964285714285,241.8726130952381,76.92382142857142,69.22050595238096,120.41202380952382,174.33564880952378,-37.16646428571429,-0.9666130952380954,32.27085119047619,0.0069999999999999975,,0.2581845238095238,False,
31351,THU_U2,2019-03-31 00:00:00+00:00,909.124363095238,-24.789625,66.1958630952381,0.2959464285714285,6.377720238095239,245.80175595238094,100.06729166666666,90.63632738095238,154.24827380952382,207.34839880952381,-26.800744047619045,-4.720041666666667,34.74101785714286,0.0319999999999995,,0.32438690476190474,False,
31352,THU_U2,2019-04-07 00:00:00+00:00,917.262613095238,-16.22217261904762,65.98298214285714,0.7075654761904762,7.346065476190477,263.4335476190476,103.34566071428571,94.19221428571429,198.63360119047618,237.7347261904762,-18.51477976190476,-12.429791666666668,36.22109523809524,-0.010999999999999802,,0.4809583333333333,False,
31353,THU_U2,2019-04-14 00:00:00+00:00,921.9049761904762,-15.16063095238095,82.00214285714286,1.018857142857143,2.9170381161236425,255.7746445279866,121.95633928571428,110.20094047619045,241.7180595238095,246.69982738095237,-16.487958333333335,-3.194146929824562,5.501692669172932,0.0030000000000001987,0.8069999999999999,0.8658630952380953,False,
31354,THU_U2,2019-04-21 00:00:00+00:00,912.4652559523811,-22.49125595238095,73.65927976190476,0.4404821428571428,5.419738095238095,257.86904761904765,170.8216011904762,140.85173214285712,186.5893392857143,220.23145833333328,-23.38825595238095,-6.655035714285715,14.777011904761906,-0.0370000000000001,0.8231499999999999,0.5848988095238095,False,
31355,THU_U2,2019-04-28 00:00:00+00:00,919.9804642857143,-16.030130952380954,68.29842857142857,0.7100714285714285,7.2287261904761895,256.20995238095236,208.80670833333332,161.04967857142856,204.7263869047619,243.17909523809524,-17.04507738095238,-16.485107142857142,16.95275,0.0769999999999999,0.7819897959183673,0.5351785714285715,False,
31356,THU_U2,2019-05-05 00:00:00+00:00,932.6639642857144,-3.1169404761904755,66.8463630952381,2.119702380952381,6.740190476190477,267.2026964285714,234.46872023809524,186.854369047619,250.96611904761903,291.90886309523813,-5.104666666666667,-35.36616071428572,31.85589880952381,-3.1670000000000003,0.7896051587301587,0.46621428571428575,False,
31357,THU_U2,2019-05-12 00:00:00+00:00,936.4459940476189,-2.319702380952381,75.22639285714286,2.570178571428571,5.071178571428573,258.29430952380955,266.77908333333335,202.5804464285714,254.13267857142856,298.58504166666665,-3.623035714285714,-19.189702380952383,16.13150595238095,3.2220000000000004,0.7591539682539683,0.4654761904761905,False,
31358,THU_U2,2019-05-19 00:00:00+00:00,928.2777142857143,-6.07339880952381,80.75899404761905,1.9958928571428574,5.513130952380953,236.16785714285714,278.88674404761906,217.37552380952383,235.43036904761908,285.50039285714286,-6.445934523809525,-24.562005952380954,10.785523809523811,0.003,0.7878975881261595,0.44680952380952377,False,
31359,THU_U2,2019-05-26 00:00:00+00:00,931.013380952381,-2.8849523809523814,77.77454166666666,2.5515059523809525,4.55585119047619,230.17736904761904,301.5068869047619,231.79817261904756,250.46680952380953,299.6829226190476,-3.388988095238095,-25.814565476190474,8.36817857142857,-0.041,0.7612261904761904,0.450625,False,
31360,THU_U2,2019-06-02 00:00:00+00:00,930.7577738095239,-3.0976964285714286,74.29215476190475,2.3225178571428566,3.7257142857142855,230.4290714285714,346.0407738095238,256.4457142857143,239.74183333333335,299.6053869047619,-3.3803690476190478,-26.29207142857143,2.4004464285714273,0.010999999999999996,0.7430714285714286,0.3544345238095237,False,
31361,THU_U2,2019-06-09 00:00:00+00:00,931.6540952380954,-2.6435238095238094,82.01233333333334,2.675654761904762,5.712482142857143,255.92045238095236,323.84766071428567,259.12025595238094,258.86397023809525,301.0729583333333,-3.013422619047619,-23.749261904761905,6.039589285714285,0.017,0.806063579277865,0.5305178571428572,False,
31362,THU_U2,2019-06-16 00:00:00+00:00,933.8474880952382,0.36036904761904764,88.82233333333332,3.7213095238095235,9.153630952380952,273.58036904761906,323.94086904761906,237.6981369047619,274.7914583333333,313.51042857142863,-0.5347083333333333,-16.307035714285714,23.482785714285715,-0.064,0.7456122448979592,0.552297619047619,False,
31363,THU_U2,2019-06-23 00:00:00+00:00,919.816613095238,-2.1084642857142857,90.66226785714287,3.147440476190476,8.968625,278.2097619047619,290.315869047619,243.43999404761908,284.5415178571428,305.4595119047619,-2.2196488095238096,-17.51832142857143,4.1506428571428575,-0.03500000000000009,0.853133437990581,0.7729107142857143,False,
31364,THU_U2,2019-06-30 00:00:00+00:00,931.2486547619046,1.6123869047619048,71.59625,3.109184523809524,5.714107142857143,231.63372619047615,356.2968630952381,272.3206071428571,271.7466428571429,313.26267857142864,-1.1387261904761907,-25.689601190476193,40.34135119047619,0.0390000000000001,0.7794081632653062,0.44666071428571436,False,
31365,THU_U2,2019-07-07 00:00:00+00:00,931.5665059523809,3.3561011904761906,67.69744642857142,3.473696428571428,5.011660714285715,243.40919642857145,368.04130952380956,246.93154761904762,261.7524761904762,318.8602976190476,-0.02301190476190474,-20.2887380952381,42.06573214285715,-0.1449999999999998,0.6809450549450551,0.26041666666666663,False,
31366,THU_U2,2019-07-14 00:00:00+00:00,927.9012797619047,2.639672619047619,81.90575,4.0333749999999995,7.739083333333332,255.27556547619048,257.3144226190476,174.8837976190476,288.0929345238095,318.5923988095238,-0.0005416666666666571,-6.91614880952381,55.47565901360544,-0.2579999999999998,0.6889111721611723,0.5704880952380952,False,
31367,THU_U2,2019-07-21 00:00:00+00:00,921.6961547619048,2.513970238095238,84.63597023809523,4.157172619047619,6.449470238095238,254.1799404761905,241.66614880952378,162.48583928571426,299.1151607142857,318.5046011904762,-3.571428571428572e-05,1.6541309523809542,42.380375,-0.20199999999999974,0.6855032467532467,0.6979642857142857,False,
31368,THU_U2,2019-07-28 00:00:00+00:00,926.6287202380952,3.068541666666666,75.2032976190476,3.794779761904762,7.512142857142856,261.4772142857143,278.13092857142857,180.5416607142857,271.1789642857143,318.4652142857143,-0.008910714285714272,-15.841708333333331,54.72995238095238,-0.1069999999999995,0.6648430014430015,0.3735178571428572,False,
31369,THU_U2,2019-08-04 00:00:00+00:00,934.6294107142858,3.6111785714285713,70.34789285714285,3.6869880952380956,5.399107142857143,252.43222619047623,264.86130952380955,164.6475119047619,264.8537797619048,318.29270833333334,-0.08156547619047617,-9.530636904761906,48.590339285714286,-0.12999999999999973,0.6471519274376417,0.28318452380952375,False,
31370,THU_U2,2019-08-11 00:00:00+00:00,934.653761904762,3.688565476190476,79.04879761904762,4.206023809523809,3.2292916666666662,215.18028571428567,203.6052857142857,132.99365476190476,281.91986309523816,318.9156011904762,-0.07385119047619047,0.9328750000000002,22.14420238095238,-0.0449999999999997,0.6648537414965986,0.45444047619047623,False,
31371,THU_U2,2019-08-18 00:00:00+00:00,928.7805178571429,2.8305714285714285,64.58881547619048,3.2204166666666665,3.720017857142857,218.10007738095237,222.70288095238092,143.23326785714286,247.85322023809522,313.8091547619048,-0.6718452380952381,-13.95907142857143,23.842315476190475,-0.0649999999999999,0.6935503401360544,0.1407738095238095,False,
31372,THU_U2,2019-08-25 00:00:00+00:00,922.9048214285713,-0.4067619047619049,91.24841071428571,3.6213154761904756,5.876053571428571,254.25775,133.81444642857144,95.84341071428571,283.4735,311.43620833333335,-0.8606130952380953,-6.928029761904762,4.001642857142857,0.052000000000000005,0.7483500000000001,0.6811428571428573,False,
31373,THU_U2,2019-09-01 00:00:00+00:00,923.4936726190475,0.7112976190476191,86.09342261904762,3.6323571428571424,8.004578058759735,274.9813559474514,112.76697619047619,88.51866666666665,286.8401130952381,313.0304821428571,-0.6265892857142857,-23.511650017253277,37.64383807798481,0.003999999999999997,0.7920119047619048,0.6579642857142858,False,
31374,THU_U2,2019-09-08 00:00:00+00:00,919.3616726190477,-1.7202142857142857,71.82396428571428,2.5854166666666667,5.920357142857142,233.41599999999997,126.14654166666666,104.02616666666665,234.31294642857142,297.3741309523809,-3.655375,-24.084249999999997,33.28118452380953,-0.034,0.8196666666666667,0.22905357142857138,False,
31375,THU_U2,2019-09-15 00:00:00+00:00,918.3030238095238,-6.119821428571428,70.45992857142858,1.7777678571428572,4.23245238095238,226.8054880952381,97.94745833333333,83.43352976190477,216.63398214285712,274.7896369047619,-8.924321428571428,-5.2327142857142865,27.128446428571426,-0.009,,0.2497797619047619,False,
31376,THU_U2,2019-09-22 00:00:00+00:00,922.7350059523809,-7.433958333333335,64.09129761904761,1.4062440476190476,4.9702142857142855,234.57867857142855,77.8105,66.56587499999999,210.58337499999996,266.14837499999993,-11.010892857142858,-9.387196428571428,39.68417857142857,0.025,,0.2475773809523809,False,
31377,THU_U2,2019-09-29 00:00:00+00:00,918.0663452380951,-3.9481964285714284,90.28691071428571,2.6868988095238096,10.537363095238096,266.3673511904762,40.87007142857142,35.12679761904762,267.95666666666665,292.6636785714286,-4.973422619047619,-5.087916666666667,21.01320833333333,0.044,,0.6846488095238096,False,
31378,THU_U2,2019-10-06 00:00:00+00:00,915.6189880952381,-3.3483452380952383,90.350875,2.854821428571428,4.969450757575757,199.02780497835496,29.012232142857147,25.02991666666667,279.08708333333334,294.701994047619,-4.573339285714286,-3.18310854978355,8.947933116883117,0.054999999999999896,,0.7747380952380952,False,
31379,THU_U2,2019-10-13 00:00:00+00:00,918.1363571428572,-6.957428571428572,99.86913690476192,2.32522619047619,7.714613095238095,87.69382738095237,13.502386904761906,11.704023809523807,271.4380297619048,282.54925000000003,-7.417029761904762,2.933446428571429,7.300375000000001,0.0579999999999999,,0.8601964285714284,False,
31380,THU_U2,2019-10-20 00:00:00+00:00,922.514261904762,-12.07045238095238,98.17273809523809,1.5204404761904762,6.702572222222222,69.69880555555555,7.441678571428571,6.47775,261.0174880952381,259.84791071428566,-13.125142857142858,1.7592222222222222,4.431525,0.22499999999999992,,0.9700952380952381,False,
31381,THU_U2,2019-10-27 00:00:00+00:00,924.9768392857143,-10.208089285714285,92.30477380952381,1.7579940476190479,9.20853354978355,129.33072023809524,3.9179761904761903,3.422315476190476,257.88394642857145,266.6051726190476,-11.402958333333332,-1.6661318181818179,26.218910606060604,0.22599999999999992,,0.8559404761904761,False,
31382,THU_U2,2019-11-03 00:00:00+00:00,921.7613571428573,-11.66647619047619,99.749,1.523059523809524,4.429995614035088,211.4211788847118,0.6244404761904762,0.5480595238095237,256.7790357142857,261.7893988095238,-12.468428571428571,4.191656107660456,13.519005227743273,0.04800000000000004,,0.9122857142857141,False,
31383,THU_U2,2019-11-10 00:00:00+00:00,918.0722321428572,-16.38230952380952,94.17562499999998,0.9653750000000001,4.766154761904763,248.11001190476193,0.13154166666666664,0.11587499999999996,223.30576785714288,241.44082738095236,-17.61870238095238,1.3023154761904758,19.112261904761905,-0.0389999999999998,,0.7522321428571429,False,
31384,THU_U2,2019-11-17 00:00:00+00:00,907.1377202380951,-12.211886904761908,82.10141071428572,1.2273690476190475,5.9546207482993205,213.69741751700684,0.007244047619047614,0.0064047619047619,223.49947023809523,251.55558928571426,-14.934916666666664,0.4346989795918369,31.66673044217686,0.013000000000000102,,0.5857619047619048,False,
31385,THU_U2,2019-11-24 00:00:00+00:00,916.3985297619047,-15.381333333333334,94.488125,1.085922619047619,5.83598602484472,188.6201094720497,0.0,0.0,239.97028571428572,246.77476785714288,-16.336791666666667,1.0398350978731412,13.445986189535102,0.004000000000000101,,0.887077380952381,False,
31386,THU_U2,2019-12-01 00:00:00+00:00,914.1891071428571,-12.340345238095237,99.57783333333334,1.4790476190476192,4.839478937728937,97.51943681318683,0.0,0.0,260.07607738095237,261.9523273809524,-12.47719642857143,0.44771213864320275,1.5629543923848843,0.24399999999999988,,0.9734285714285714,False,
31387,THU_U2,2019-12-08 00:00:00+00:00,902.5663928571428,-18.35592857142857,97.37592857142856,0.843827380952381,6.095553571428572,202.51327976190478,0.0,0.0,209.25752976190475,234.52020238095233,-19.404196428571428,2.0585885093167704,17.550603433402348,0.021000000000000088,,0.6793095238095238,False,
31388,THU_U2,2019-12-15 00:00:00+00:00,908.3186785714286,-23.82244047619048,95.471,0.49017261904761905,7.829160714285714,227.7494880952381,0.0,0.0,178.21911904761905,213.9564583333333,-25.076130952380954,0.9742321428571429,21.19475595238095,-0.11499999999999991,,0.5503392857142858,False,
31389,THU_U2,2019-12-22 00:00:00+00:00,923.1800238095238,-19.78716071428571,87.29073214285714,0.6285297619047618,4.71789880952381,265.57529761904755,0.0,0.0,188.72789285714285,223.6712916666667,-22.30110714285714,1.1516547619047621,34.94634523809524,-0.0169999999999999,,0.5157023809523809,False,
31390,THU_U2,2019-12-29 00:00:00+00:00,919.1925,-19.320874999999997,87.51171428571426,0.64525,6.640029761904762,199.0505119047619,0.0,0.0,204.1071011904762,230.5608095238095,-20.423440476190475,-2.4774940476190475,22.076922619047618,-0.004,,0.6640833333333332,False,
31391,THU_U2,2020-01-05 00:00:00+00:00,903.4188214285715,-37.863749999999996,92.76186904761904,0.12524404761904756,3.9173630952380956,237.68057142857143,0.0,0.0,168.2763571428571,172.68620833333333,-38.37130357142858,-0.18388224637681153,6.712182971014493,-0.006999999999999899,,0.9279166666666666,False,
31392,THU_U2,2020-01-12 00:00:00+00:00,898.9703452380953,-26.25863095238095,84.30601785714285,0.34019047619047615,5.924369047619048,289.61455952380953,0.0,0.0,162.8323392857143,200.88656547619047,-28.882892857142856,1.301607142857143,44.988499999999995,0.018,,0.4706726190476192,False,
31393,THU_U2,2020-01-19 00:00:00+00:00,906.6180297619046,-26.695922619047618,87.5635773809524,0.32439880952380956,5.602767857142857,275.4500595238095,0.0,0.0,152.51900595238095,199.23764285714284,-29.288910714285713,1.1966428571428571,41.84818452380953,-0.002,,0.37017857142857136,False,
31394,THU_U2,2020-01-26 00:00:00+00:00,907.3914940476191,-25.04970238095238,85.84957142857142,0.37561904761904763,7.1944404761904766,227.99372023809522,0.0,0.0,157.9760357142857,203.99793452380956,-27.858589285714285,1.546017857142857,48.95930357142858,0.0,,0.3737559523809523,False,
31395,THU_U2,2020-02-02 00:00:00+00:00,907.9815714285714,-29.046130952380956,93.58639285714287,0.2824940476190476,2.3546964285714287,319.6537261904762,0.03525595238095235,0.03268452380952379,189.80450595238094,196.58898214285713,-30.47243452380953,0.5401309523809524,11.399035714285715,-0.030999999999999903,,0.8690714285714286,False,
31396,THU_U2,2020-02-09 00:00:00+00:00,900.7261964285715,-28.382833333333334,76.82839285714284,0.2502202380952381,5.080785714285715,275.3759107142857,0.2543571428571428,0.23664285714285713,154.2381488095238,190.3517023809524,-32.17967857142857,0.39472023809523804,50.42682142857143,0.018999999999999996,,0.44799404761904754,False,
31397,THU_U2,2020-02-16 00:00:00+00:00,900.8379702380953,-23.412499999999998,81.39161904761905,0.42249404761904763,5.554095238095238,312.94389880952383,1.7775714285714288,1.6599642857142853,178.59087500000004,211.0178392857143,-25.91204166666667,0.04898214285714274,38.711148809523806,-0.0029999999999998006,,0.5431488095238095,False,
31398,THU_U2,2020-02-23 00:00:00+00:00,904.0649047619048,-26.906636904761903,92.63226190476192,0.3640178571428571,4.6468928571428565,317.4184166666666,7.004244047619047,6.567357142857142,178.79325595238092,204.31017857142857,-28.019392857142858,0.5249880952380953,18.225446428571427,-0.015,,0.665809523809524,False,
31399,THU_U2,2020-03-01 00:00:00+00:00,917.7692142857143,-32.230351190476185,89.34045238095239,0.18507142857142853,4.319458333333333,312.0662559523809,19.124446428571424,17.99742857142857,154.03540476190477,183.84892261904756,-34.252750000000006,0.5630595238095238,27.314416666666666,-0.004000000000000101,,0.5759404761904762,False,
31400,THU_U2,2020-03-08 00:00:00+00:00,912.9362083333334,-31.68381547619047,89.10867261904762,0.1962083333333333,4.2563273809523805,300.9333095238095,30.444208333333332,28.758904761904763,166.41447023809525,189.53568452380952,-32.500767857142854,-0.3375119047619047,15.415553571428571,0.0019999999999999007,,0.6983392857142857,False,
31401,THU_U2,2020-03-15 00:00:00+00:00,919.5326666666666,-32.534315476190486,84.7623630952381,0.17410119047619046,3.6880416666666664,318.3324404761905,51.062571428571424,48.421940476190464,149.37337499999998,183.43034523809524,-34.4256369047619,-0.2765714285714286,22.46682142857143,0.0110000000000002,,0.5294166666666668,False,
31402,THU_U2,2020-03-22 00:00:00+00:00,915.0628511904763,-24.730803571428567,75.53350595238096,0.35424999999999995,6.631253105590062,285.81113224637687,73.86689880952382,70.3177380952381,151.31934523809522,205.6882023809524,-27.370053571428574,-1.6236555383022775,48.70879192546584,-1.0061396160665481e-16,,0.2874702380952381,False,
31403,THU_U2,2020-03-29 00:00:00+00:00,911.6949642857144,-21.089720238095236,89.88492261904763,0.5978571428571428,10.057107142857145,109.63688690476191,73.16917857142857,69.92304166666666,209.06250595238092,226.29907142857138,-21.73172023809524,-3.2169226190476192,11.712934523809523,-0.0129999999999999,,0.7833749999999998,False,
31404,THU_U2,2020-04-05 00:00:00+00:00,941.8258154761905,-18.36577380952381,77.26341666666666,0.6169583333333334,5.2352678571428575,202.33227380952377,97.28675,93.33372023809524,197.84391666666667,231.4921964285714,-20.177434523809524,-4.310464285714286,21.53107142857143,0.015999999999999903,,0.5577797619047619,False,
31405,THU_U2,2020-04-12 00:00:00+00:00,925.4223214285713,-13.131369047619048,67.9056607142857,0.8906011904761905,6.986327380952381,237.6679880952381,150.05139285714284,132.2399226190476,193.42898809523808,248.14697023809524,-15.580904761904762,-12.408410714285713,42.55905952380952,0.019999999999999903,0.8648333333333333,0.3060595238095237,False,
31406,THU_U2,2020-04-19 00:00:00+00:00,902.4827023809523,-12.40967261904762,91.5675119047619,1.3534821428571426,8.775607142857144,114.75939285714286,156.67909523809521,135.61304761904762,232.85228571428567,259.2855595238095,-12.954107142857143,-5.256232142857143,10.916125,0.0849999999999997,0.884202380952381,0.6906190476190476,False,
31407,THU_U2,2020-04-26 00:00:00+00:00,922.8561428571429,-9.806244047619048,86.15741666666668,1.625875,7.386192261904762,141.9065148809524,190.34591071428574,160.1526011904762,230.70876785714287,267.93104761904766,-10.805386904761905,-6.503060119047619,15.76175119047619,0.22999999999999987,0.845254761904762,0.5541190476190475,False,
31408,THU_U2,2020-05-03 00:00:00+00:00,916.6245595238096,-13.328910714285714,96.23505357142858,1.3228690476190477,7.296666666666667,27.32117261904762,191.89868452380955,152.41897023809523,232.3319107142857,256.4192083333333,-13.708005952380955,-3.249244047619048,-0.23224404761904766,0.014000000000000002,0.8044055555555555,0.7230654761904761,False,
31409,THU_U2,2020-05-10 00:00:00+00:00,927.5232559523811,-15.537309523809526,95.07163095238094,1.025922619047619,4.924303571428571,156.81370833333332,262.7791011904762,220.43580952380952,203.15270238095238,244.77447619047618,-16.55827380952381,-0.23792857142857152,11.565124999999998,0.053999999999999895,0.824177380952381,0.5055952380952381,False,
31410,THU_U2,2020-05-17 00:00:00+00:00,930.8783452380952,-5.571142857142857,75.37330952380952,2.0694761904761902,5.367369047619048,249.22964285714286,300.28846428571427,243.68456547619047,229.9227976190476,284.2265476190476,-6.865148809523809,-23.570434523809524,21.84482142857143,0.004,0.7991714285714285,0.35617857142857146,False,
31411,THU_U2,2020-05-24 00:00:00+00:00,920.3445357142857,-4.531446428571428,76.24589880952382,2.1543273809523815,4.998988095238095,260.5126488095238,334.4060595238096,269.5087976190476,221.7006726190476,288.9691785714286,-5.549464285714286,-21.003404761904765,18.31149404761905,-0.017,0.7651190476190476,0.2308035714285714,False,
31412,THU_U2,2020-05-31 00:00:00+00:00,917.9890952380954,-5.873720238095239,79.91135714285714,2.017880952380952,3.622869047619048,251.2250892857143,347.1355535714286,268.77933333333334,228.41596428571424,286.9679107142857,-6.059422619047618,-17.24492857142857,2.70264880952381,-0.010999999999999899,0.7530850340136055,0.36206547619047613,False,
31413,THU_U2,2020-06-07 00:00:00+00:00,930.1782916666665,-7.265613095238096,82.80849999999998,1.819720238095238,4.683327380952382,172.19165476190477,337.0524464285714,276.0874166666667,236.81973214285716,282.24127380952376,-7.227696428571429,-20.065839285714283,1.9870238095238082,0.019999999999999903,0.7940523809523811,0.5177261904761904,False,
31414,THU_U2,2020-06-14 00:00:00+00:00,920.8149285714286,-1.887529761904762,70.75223214285715,2.4842142857142853,6.505773809523809,249.1089702380952,375.5042380952381,299.72488095238094,234.05019047619047,299.1746726190476,-3.4817142857142858,-34.51219642857143,28.383440476190476,-0.0609999999999999,0.7589469696969696,0.23798809523809522,False,
31415,THU_U2,2020-06-21 00:00:00+00:00,925.1533928571428,-0.740595238095238,74.492125,2.848196428571429,4.320660714285714,230.42274404761903,373.9661607142857,275.2458392857143,234.02448809523813,308.3945297619048,-1.5621130952380953,-29.25697023809524,9.418892857142856,-0.0869999999999998,0.7123151927437642,0.1762916666666666,False,
31416,THU_U2,2020-06-28 00:00:00+00:00,925.9714285714286,1.648077380952381,75.10794642857142,3.4689047619047626,3.7998273809523817,289.51651785714284,367.4500535714286,266.66444642857147,258.0532321428571,316.94139880952383,-0.14660119047619044,-20.99389880952381,19.648678571428572,-0.2049999999999998,0.7274341372912803,0.3098333333333333,False,
31417,THU_U2,2020-07-05 00:00:00+00:00,927.383095238095,2.0694821428571433,74.37482142857142,3.5238690476190477,3.589630952380953,288.7871964285714,347.94755357142856,247.50589285714287,253.9029047619048,317.50547023809526,-0.11291071428571427,-15.030101190476188,20.341517857142858,-0.19499999999999973,0.713995918367347,0.24483928571428565,False,
31418,THU_U2,2020-07-12 00:00:00+00:00,923.517494047619,2.4954761904761904,77.081,3.7808571428571427,5.2077380952380965,265.53670238095236,334.8362202380953,238.60713690476183,260.37096428571425,318.4776369047619,-0.0106130952380952,-9.717541666666667,31.395083333333336,-0.19399999999999973,0.7080306122448979,0.2895952380952381,False,
31419,THU_U2,2020-07-19 00:00:00+00:00,926.8518214285715,2.177601190476191,83.73785119047618,3.9641309523809523,5.800345238095239,219.62630952380954,243.4488333333333,180.50511904761905,297.33377380952385,318.248113095238,-0.02535119047619047,-0.32801785714285636,30.67967261904762,-0.17599999999999982,0.7632795918367348,0.6956785714285714,False,
31420,THU_U2,2020-07-26 00:00:00+00:00,925.8447142857142,3.426583333333333,72.2908869047619,3.783065476190476,3.6960476190476186,310.4573988095238,297.4526845238095,187.14271428571428,260.6636904761905,318.21344642857144,-0.07577976190476186,-7.121386904761904,28.130505952380954,-0.1829999999999999,0.6200517006802722,0.24421428571428572,False,
31421,THU_U2,2020-08-02 00:00:00+00:00,923.8229523809523,0.43010714285714285,80.86537500000001,3.399422619047619,4.234309523809523,212.53657738095237,260.7195892857143,181.4879761904762,257.2903392857143,312.1752678571429,-0.7696785714285713,-12.192535714285713,10.18985119047619,-0.0379999999999999,0.7239481292517007,0.36330952380952386,False,
31422,THU_U2,2020-08-09 00:00:00+00:00,915.7401428571429,-1.6692559523809525,79.68479166666667,2.8658571428571427,4.974363095238096,236.1152440476191,244.01813095238094,200.42911904761903,249.7515476190476,301.2509761904762,-2.917410714285714,-16.60457142857143,17.58030952380952,0.028999999999999998,0.812765306122449,0.38744047619047617,False,
31423,THU_U2,2020-08-16 00:00:00+00:00,920.4937738095239,-1.0323392857142857,80.65311904761904,3.0437857142857143,4.982238095238095,178.71734523809525,205.12198214285715,162.2056607142857,254.04312499999997,303.65796428571423,-2.401994047619048,-15.339363095238095,18.420559523809523,-0.041,0.799106462585034,0.4056190476190476,False,
31424,THU_U2,2020-08-23 00:00:00+00:00,926.011363095238,1.054857142857143,89.86686904761905,3.9877321428571437,8.667250000000001,71.84418452380952,126.66335119047618,80.63647023809526,298.74598809523815,314.8674761904762,-0.34576190476190477,7.285976190476192,35.0726369047619,-0.06599999999999978,0.6652785714285715,0.7670297619047618,False,
31425,THU_U2,2020-08-30 00:00:00+00:00,922.9376250000001,-0.8626964285714287,92.23733928571427,3.5481249999999993,6.813416666666667,133.41795833333336,117.43516071428571,103.31567857142856,285.83957142857145,307.30012500000004,-1.7561249999999997,-3.4505773809523808,13.041136904761903,0.13600000000000015,0.8971071428571429,0.7272261904761904,False,
31426,THU_U2,2020-09-06 00:00:00+00:00,916.7613988095238,-4.579779761904762,81.42908928571428,2.335375,4.353702380952381,257.2385535714286,117.04104166666664,101.56782142857143,247.33067857142856,286.33292261904757,-6.335255952380952,-6.662077380952381,22.18016666666667,0.003999999999999993,0.8843611111111112,0.5027261904761905,False,
31427,THU_U2,2020-09-13 00:00:00+00:00,919.7959702380953,-7.159595238095237,90.27040476190476,2.086845238095238,5.414214285714286,154.85885714285715,82.80705357142857,70.10957142857144,251.5738869047619,277.459869047619,-8.528095238095238,-1.79497619047619,12.962976190476189,0.064,,0.6619166666666667,False,
31428,THU_U2,2020-09-20 00:00:00+00:00,914.1556071428573,-8.529339285714284,87.3147380952381,1.8073392857142854,5.550267857142858,171.76942857142856,71.17326785714286,60.169190476190465,236.15283333333332,270.51425595238095,-10.14482142857143,-1.8717142857142857,24.263315476190478,0.013999999999999997,,0.5609583333333333,False,
31429,THU_U2,2020-09-27 00:00:00+00:00,919.5331845238095,-12.266309523809523,84.94731547619048,1.2359404761904762,4.763511904761905,229.89795238095238,59.87530952380952,50.53447619047619,208.3476488095238,250.4431428571429,-15.093297619047618,-1.3557023809523814,28.646738095238096,-0.026,,0.4280178571428571,False,
31430,THU_U2,2020-10-04 00:00:00+00:00,920.469630952381,-12.323738095238095,84.49566666666666,1.279125,4.747892857142857,244.03464285714287,43.418708333333335,36.59234523809524,205.88760714285715,249.50792261904758,-15.382880952380953,2.484279761904762,31.65297619047619,0.035,,0.4015357142857143,False,
31431,THU_U2,2020-10-11 00:00:00+00:00,921.5815000000001,-8.920375000000002,82.53174404761906,1.6321785714285715,5.522720238095239,237.34998214285716,23.625928571428574,19.87975,229.32939285714284,266.40542857142856,-11.149904761904763,-3.0529047619047622,35.519392857142854,0.015,,0.5016011904761906,False,
31432,THU_U2,2020-10-18 00:00:00+00:00,927.721279761905,-4.448607142857143,87.29994642857143,2.5074047619047617,8.233845238095236,179.16550595238095,12.143416666666667,10.20369642857143,252.36864285714287,286.1424107142857,-6.430005952380951,1.2497500000000004,34.65611904761904,0.0079999999999999,,0.5478095238095239,False,
31433,THU_U2,2020-10-25 00:00:00+00:00,916.4724821428572,-8.753702380952381,96.82601785714287,1.9599107142857142,6.4413026515151515,159.37399848484847,3.580244047619048,3.0036666666666667,257.3220654761905,272.72423214285715,-9.73682738095238,3.2563783926218717,19.023681719367584,-0.032,,0.7906964285714284,False,
31434,THU_U2,2020-11-01 00:00:00+00:00,908.7264523809524,-14.203773809523812,96.65435714285715,1.202065476190476,2.222969387755102,210.97381071428575,1.0310595238095237,0.8637142857142855,254.07908928571425,252.62251785714284,-14.840434523809526,0.4868610544217687,6.14764506802721,0.03599999999999989,,0.988595238095238,False,
31435,THU_U2,2020-11-08 00:00:00+00:00,909.6375654761905,-21.89048214285714,96.67457738095239,0.6049999999999999,0.0030212121212121004,215.45481515151513,0.09738095238095235,0.08148214285714282,225.57280357142855,225.75451785714287,-22.03544642857143,0.0,0.0,-0.036000000000000004,,0.989982142857143,False,
31436,THU_U2,2020-11-15 00:00:00+00:00,901.154494047619,-18.16670238095238,86.70590476190476,0.775375,8.358908126293995,142.32929528985505,0.003595238095238086,0.003,211.98225595238097,234.8868630952381,-19.343517857142853,-2.234166407867495,20.231479813664595,-0.006999999999999901,,0.7026607142857143,False,
31437,THU_U2,2020-11-22 00:00:00+00:00,909.7380416666666,-12.35897619047619,98.9141726190476,1.5974642857142858,9.547285714285715,75.17358333333334,0.0,0.0,255.28209523809522,262.1032738095238,-12.532690476190476,1.0105892857142857,3.8965357142857138,0.5349999999999997,,0.9183809523809524,False,
31438,THU_U2,2020-11-29 00:00:00+00:00,905.1664226190476,-22.00358333333333,96.6249523809524,0.5959285714285715,4.068479365079365,111.13548055555553,0.0,0.0,224.7682857142857,225.5184523809524,-22.093178571428574,-0.7272297619047619,0.8204968253968257,-0.07500000000000001,,0.9879702380952381,False,
31439,THU_U2,2020-12-06 00:00:00+00:00,918.8702619047621,-25.34865476190476,94.53994642857143,0.42627380952380944,6.7705,123.5945,0.0,0.0,213.12690476190477,210.28929166666666,-26.53947619047619,0.7134999999999999,29.0105,-0.044999999999999804,,0.9880595238095239,False,
31440,THU_U2,2020-12-13 00:00:00+00:00,913.4098333333334,-16.122184523809526,95.40270833333332,1.0875178571428572,7.831345238095238,126.92922023809524,0.0,0.0,238.18136904761903,245.1984583333333,-16.85099404761905,1.221410714285714,15.706869047619048,0.1270000000000001,,0.8943154761904761,False,
31441,THU_U2,2020-12-20 00:00:00+00:00,920.7791428571429,-17.50997619047619,90.18071428571429,0.8371250000000001,5.948196428571428,174.8516607142857,0.0,0.0,212.402125,236.90431547619048,-18.8055,-0.6205416666666667,21.754422619047613,-0.005999999999999905,,0.6832142857142857,False,
31442,THU_U2,2020-12-27 00:00:00+00:00,915.128619047619,-22.601595238095236,92.85550595238097,0.5391488095238095,4.406011904761905,253.86623214285711,0.0,0.0,200.6494345238095,219.32554166666665,-23.676190476190477,0.7685416666666667,17.794976190476188,-0.02600000000000001,,0.751595238095238,False,
31443,THU_U2,2021-01-03 00:00:00+00:00,911.7025,-15.534374999999999,91.04414880952382,1.016970238095238,7.747922619047619,151.6403214285714,0.0,0.0,225.9974880952381,245.20019642857142,-16.651113095238095,-0.7937261904761902,20.650624999999998,-0.0359999999999997,,0.7435773809523809,False,
31444,THU_U2,2021-01-10 00:00:00+00:00,922.848,-23.939434523809524,93.0477380952381,0.4596130952380952,8.33410714285714,148.75597619047622,0.0,0.0,189.5935297619048,214.4896369047619,-24.98465476190476,-0.33810714285714283,14.987577380952379,0.10700000000000011,,0.6795,False,
31445,THU_U2,2021-01-17 00:00:00+00:00,913.9510952380951,-16.71252380952381,88.31463690476191,0.8850059523809523,6.450047619047618,188.33944047619048,0.0,0.0,218.42982142857142,238.68229166666666,-18.36735714285714,-0.17959523809523806,24.005767857142853,0.0049999999999999975,,0.7119404761904763,False,
31446,THU_U2,2021-01-24 00:00:00+00:00,931.7024702380952,-13.736011904761906,85.3936369047619,1.119577380952381,5.825101190476191,216.2611011904762,0.0,0.0,224.0962738095238,249.21290476190475,-15.584892857142856,-1.2165178571428574,26.844684523809523,0.010999999999999902,,0.6498511904761906,False,
31447,THU_U2,2021-01-31 00:00:00+00:00,925.621392857143,-23.085184523809524,71.17579166666667,0.39960119047619047,5.783130952380953,281.29805357142857,0.0,0.0,155.69330357142857,209.4266369047619,-26.327309523809525,-2.6426250000000002,47.34415476190476,-0.010999999999999899,,0.274375,False,
31448,THU_U2,2021-02-07 00:00:00+00:00,927.9028571428571,-25.08176190476191,93.54323214285715,0.4928511904761904,8.170220238095238,188.22588690476192,0.0957797619047619,0.07846428571428572,185.35296428571428,210.90188690476188,-26.271660714285712,0.46897023809523797,23.066809523809525,0.0060000000000000955,,0.6618095238095238,False,
31449,THU_U2,2021-02-14 00:00:00+00:00,925.0831011904762,-15.026142857142858,76.03368452380951,0.8663869047619046,7.8977797619047605,281.20113095238094,1.328357142857143,1.086607142857143,189.10049999999998,238.82872619047617,-18.06940476190476,-3.534339285714286,38.156470238095245,-0.0339999999999998,,0.32998809523809525,False,
31450,THU_U2,2021-02-21 00:00:00+00:00,905.9045892857145,-29.396172619047615,93.11004166666667,0.30638095238095236,6.131404761904762,174.12885714285716,4.802220238095238,3.921696428571429,165.21729166666665,196.34810714285715,-30.570422619047616,-0.23013095238095244,16.454690476190475,-0.004999999999999701,,0.588172619047619,False,
31451,THU_U2,2021-02-28 00:00:00+00:00,904.7491785714285,-18.566220238095237,87.8887380952381,0.7657440476190475,9.008868247298919,175.59960764305725,12.475630952380953,10.173041666666666,202.60645238095236,230.6666726190476,-20.498035714285713,-0.2861971788715486,29.203100240096035,0.011000000000000097,,0.6142738095238094,False,
31452,THU_U2,2021-03-07 00:00:00+00:00,924.7783273809524,-27.070089285714285,83.63383333333333,0.3525535714285714,7.137745614035088,202.79955357142856,30.07694047619048,24.486148809523808,154.58327380952377,197.96005952380958,-29.968803571428573,-0.9965632832080201,23.996029448621556,-0.0220000000000001,,0.3929107142857142,False,
31453,THU_U2,2021-03-14 00:00:00+00:00,909.2488690476191,-21.304863095238098,82.11254761904762,0.5389464285714286,3.8978333333333333,322.7761488095238,43.795672619047615,35.599357142857144,176.53498214285713,214.88447023809522,-24.767994047619048,1.747625,35.785809523809526,0.025999999999999898,,0.4403095238095238,False,
31454,THU_U2,2021-03-21 00:00:00+00:00,908.0079523809525,-26.34247023809524,90.985625,0.3519940476190476,6.040309523809524,189.05774999999997,75.53669047619049,61.303,164.2734226190476,204.563875,-27.735130952380953,-0.02429166666666671,18.946208333333335,-0.016999999999999897,,0.48817857142857146,False,
31455,THU_U2,2021-03-28 00:00:00+00:00,912.6538035714285,-31.197250000000004,80.75866071428571,0.1891785714285714,4.739577380952381,310.9801607142857,101.33396428571429,82.11020238095239,134.35376785714286,185.8454404761905,-33.42919047619048,-0.4764404761904762,31.0133630952381,-1.0061396160665481e-16,,0.31499999999999995,False,
31456,THU_U2,2021-04-04 00:00:00+00:00,922.4938035714287,-25.16006547619048,85.03057142857143,0.43163690476190475,7.610065476190477,199.264875,111.3076130952381,90.04552976190475,173.5058988095238,209.44632142857145,-26.5515,-1.8999761904761903,21.328785714285715,0.0079999999999999,,0.5340833333333332,False,
31457,THU_U2,2021-04-11 00:00:00+00:00,930.5598035714286,-16.191232142857142,83.10813690476189,0.8788452380952381,8.666636904761905,145.89047023809525,126.68820238095238,107.5315238095238,209.26975000000002,241.15304166666667,-17.629410714285715,-3.577291666666666,21.293321428571428,0.06599999999999981,0.8772333333333334,0.5917083333333333,False,
31458,THU_U2,2021-04-18 00:00:00+00:00,922.9251488095236,-19.660005952380953,88.53107142857142,0.6857857142857142,7.698867119155355,183.66455708898948,160.68449999999999,140.69148214285715,195.2383035714286,230.5112380952381,-20.450077380952383,-4.9515554675716436,13.328492797888384,0.1189999999999999,0.8453933333333333,0.5758571428571428,False,
31459,THU_U2,2021-04-25 00:00:00+00:00,926.0179404761903,-14.517559523809522,88.16913095238094,1.1229642857142856,6.853279761904761,148.16288690476193,195.33767857142854,163.29717857142856,215.7537738095238,248.4456964285714,-15.79375595238095,-5.109714285714285,14.024845238095239,0.017999999999999898,0.8518285714285715,0.5894940476190476,False,
31460,THU_U2,2021-05-02 00:00:00+00:00,937.6060059523809,-3.5763690476190475,68.90185119047618,2.0893869047619047,7.5156488095238085,220.73245833333334,227.77127976190476,190.59913095238093,250.35758333333334,289.71392261904765,-5.573708333333334,-30.396285714285714,37.73375,-0.003,0.8334489795918367,0.4849285714285713,False,
31461,THU_U2,2021-05-09 00:00:00+00:00,932.0158809523809,-6.702744047619047,72.51942261904763,1.6454047619047623,4.439839285714286,237.67907738095235,261.0485297619048,217.39826785714286,223.1553392857143,275.85891071428574,-8.708654761904763,-11.769452380952382,21.175095238095242,0.001,0.8091948979591838,0.3452619047619047,False,
31462,THU_U2,2021-05-16 00:00:00+00:00,927.8587023809524,-9.162202380952381,90.74795833333334,1.790767857142857,8.15607738095238,56.54600595238095,248.49525595238097,218.45761904761906,254.93627976190479,274.5727142857143,-9.299023809523812,-12.70977976190476,-1.6186428571428568,0.0339999999999997,0.8792190476190477,0.7825773809523809,False,
31463,THU_U2,2021-05-23 00:00:00+00:00,924.4213154761903,-6.313404761904762,86.70995833333333,2.1398749999999995,7.91642857142857,140.4810119047619,283.47250595238097,244.9362321428571,253.67008333333328,283.69926785714284,-7.0250892857142855,-12.074749999999998,11.770315476190477,0.25699999999999984,0.8481777777777778,0.6445952380952381,False,
31464,THU_U2,2021-05-30 00:00:00+00:00,918.6223809523809,-2.1733273809523808,73.84429166666666,2.5735535714285716,4.514613095238095,231.26963095238094,338.40740476190473,265.76755952380955,237.9085654761905,296.5504642857143,-4.061940476190476,-19.573464285714287,25.203125,-0.03599999999999989,0.7765714285714286,0.3021011904761904,False,
31465,THU_U2,2021-06-06 00:00:00+00:00,919.9401130952381,-2.6730297619047616,76.9113511904762,2.499279761904762,3.964019284636932,155.06368465847876,343.96835714285714,268.90815476190477,249.54491666666667,296.04992857142855,-4.261684523809524,-18.53218646304676,18.025992593191123,0.017,0.7726397031539889,0.43516666666666665,False,
31466,THU_U2,2021-06-13 00:00:00+00:00,921.7439940476189,3.618267857142857,59.986089285714286,3.1947559523809526,5.3030833333333325,311.21695238095236,379.18974404761906,278.8042738095238,242.44196428571425,316.0663630952381,-0.2701011904761904,-46.80130357142857,61.493779761904754,-0.2049999999999997,0.6995051020408163,0.0638630952380952,False,
31467,THU_U2,2021-06-20 00:00:00+00:00,926.044880952381,0.7143511904761903,69.31783333333333,2.9732857142857148,4.305952380952381,208.79723214285715,375.5634166666667,273.54247023809523,237.9604642857143,310.15060714285715,-1.0809345238095238,-32.061773809523814,14.950357142857143,-0.1059999999999995,0.7041607142857143,0.1658511904761904,False,
31468,THU_U2,2021-06-27 00:00:00+00:00,921.1746428571427,-0.006059523809523777,86.72433333333333,3.539529761904762,7.030130952380952,94.94480357142857,304.65156547619046,225.62980357142857,270.01848809523807,311.5240773809524,-0.8401309523809523,-21.249964285714288,15.418101190476191,-0.0579999999999998,0.7547337662337663,0.5193035714285713,False,
31469,THU_U2,2021-07-04 00:00:00+00:00,916.4629999999999,-1.9406726190476191,90.3190357142857,3.1888095238095238,6.066488095238095,113.45933333333336,302.713,246.7640119047619,275.95353571428575,304.17669642857146,-2.523113095238095,-12.148345238095237,2.754410714285714,0.066,0.8132559523809524,0.6734107142857144,False,
31470,THU_U2,2021-07-11 00:00:00+00:00,920.510732142857,-1.1979523809523809,76.88473809523809,2.8415833333333333,5.256226190476191,189.88006547619048,343.9481845238095,273.7051369047619,244.17561904761905,303.17692857142856,-2.506738095238095,-28.599410714285714,16.309833333333337,-0.024999999999999797,0.7686473922902496,0.3168511904761904,False,
31471,THU_U2,2021-07-18 00:00:00+00:00,914.234130952381,-0.8765833333333333,90.68338690476189,3.488035714285714,8.834,46.579011904761906,228.99827380952382,190.72280357142859,296.56677976190474,309.784875,-1.2847797619047618,-22.577571428571435,10.415625000000002,0.2039999999999999,0.8339035714285714,0.8413809523809525,False,
31472,THU_U2,2021-07-25 00:00:00+00:00,918.0750595238095,0.8689642857142855,90.44111904761905,3.9622321428571428,7.042321428571428,166.5090476190476,245.13520833333334,190.54049404761903,283.41179166666666,314.2749166666667,-0.5317380952380952,-1.1680654761904763,14.539065476190476,0.008000000000000004,0.810504761904762,0.6155059523809524,False,
31473,THU_U2,2021-08-01 00:00:00+00:00,925.1501785714285,1.6410297619047622,93.08441071428571,4.3025119047619045,8.900339285714287,128.69797023809522,182.81490476190476,142.46411904761905,306.34072619047623,317.180380952381,-0.07632738095238094,20.222155900621114,39.55543752587992,-0.263,0.8187424603174602,0.8151428571428572,False,
31474,THU_U2,2021-08-08 00:00:00+00:00,916.2889523809524,2.7236904761904763,81.9075119047619,4.119148809523809,4.991785714285713,246.5247619047619,230.77204761904758,168.34704166666666,269.58880357142857,317.4842023809524,-0.07154166666666666,-0.3022559523809529,39.07145238095239,-0.1669999999999997,0.7543988095238097,0.374779761904762,False,
31475,THU_U2,2021-08-15 00:00:00+00:00,917.7739523809523,0.7158869047619048,93.70207738095239,4.0742619047619035,9.856130952380953,70.27531547619047,145.03577380952382,113.28045833333336,295.22222023809525,315.08258333333333,-0.23867261904761902,0.5731225113122174,23.078529592760184,-0.06399999999999981,0.7848464285714286,0.7511130952380952,False,
31476,THU_U2,2021-08-22 00:00:00+00:00,924.2679047619049,0.9567976190476192,87.78317261904762,3.845785714285715,5.170910714285715,207.32522023809523,157.4876904761905,119.2188869047619,270.3385476190476,313.03079761904763,-0.6364107142857142,0.37729321946169747,19.413832384403037,-0.028999999999999998,0.7944690476190477,0.4772916666666666,False,
31477,THU_U2,2021-08-29 00:00:00+00:00,921.4401190476191,-0.20571428571428574,88.44386904761905,3.589208333333334,6.030818840579711,166.22935895445133,117.75105952380953,96.57394642857142,290.3580119047619,310.50767261904764,-1.1512976190476187,-3.8959253795721196,11.362877242926157,0.1209999999999999,0.846452380952381,0.7445833333333333,False,
31478,THU_U2,2021-09-05 00:00:00+00:00,927.6703154761906,-5.058303571428572,87.0472619047619,2.349875,4.812601190476189,195.57989880952377,119.15360119047617,102.24585714285713,253.61173809523805,286.3513511904761,-6.39239880952381,-5.645319506063294,16.41810222567288,-0.7699999999999999,0.872638888888889,0.5833928571428572,False,
31479,THU_U2,2021-09-12 00:00:00+00:00,921.9519464285714,-9.952059523809524,71.51417261904761,1.2771249999999998,4.964869047619048,90.67858928571427,115.48720833333333,106.55367857142858,208.04304166666662,258.7184702380952,-12.927410714285713,-8.791925595238094,39.382875,-0.7649999999999998,,0.3299940476190476,False,
31480,THU_U2,2021-09-19 00:00:00+00:00,914.4780357142857,-9.178672619047619,92.95474404761903,1.8214821428571428,3.918333333333333,101.9092976190476,65.92169047619048,60.93474404761905,245.35611309523807,269.94620238095234,-10.359410714285714,0.9281845238095239,12.103910714285714,0.041999999999999996,,0.6845297619047619,False,
31481,THU_U2,2021-09-26 00:00:00+00:00,925.339886904762,-11.640541666666667,81.18323214285715,1.2483630952380953,3.5220773809523815,70.53328571428573,62.86605952380952,58.229744047619036,206.96989880952384,250.04513095238096,-15.186904761904762,1.9528333333333332,30.956886904761905,0.0,,0.38666666666666666,False,
31482,THU_U2,2021-10-03 00:00:00+00:00,930.2984880952381,-6.655636904761906,88.65770833333333,2.1352261904761907,9.125869047619048,100.41170833333332,33.06785119047619,30.682964285714288,264.68517857142854,282.0510178571428,-7.503970238095237,-8.017410714285715,17.62242857142857,0.0699999999999998,,0.7761309523809523,False,
31483,THU_U2,2021-10-10 00:00:00+00:00,924.8819940476191,-7.571470238095238,88.16290476190476,1.962595238095238,7.480702380952381,90.54153571428571,21.444160714285715,19.940190476190477,257.09890476190475,274.926255952381,-9.19477380952381,-1.9687261904761908,16.550005952380953,0.09599999999999981,,0.7371190476190476,False,
31484,THU_U2,2021-10-17 00:00:00+00:00,925.9686964285713,-6.384791666666667,99.17754761904762,2.441785714285714,6.70764880952381,130.30335714285715,7.698535714285714,7.171744047619046,280.94748214285715,286.53201190476193,-6.527184523809524,0.6642678571428571,3.709654761904762,0.17399999999999963,,0.9333035714285713,False,
31485,THU_U2,2021-10-24 00:00:00+00:00,920.645130952381,-13.404511904761904,93.02095833333333,1.394154761904762,7.350053571428572,140.4059464285714,5.154125,4.811779761904762,240.53221428571425,254.20509523809523,-14.56326785714286,-0.14978571428571424,17.296,-0.07899999999999992,,0.8040714285714285,False,
31486,THU_U2,2021-10-31 00:00:00+00:00,913.174619047619,-12.048511904761906,99.1612261904762,1.5113035714285714,5.342398809523808,102.50269642857143,1.0462261904761907,0.9783452380952381,248.38838095238094,260.4791130952381,-12.787797619047621,2.2975535714285718,9.622607142857145,0.0319999999999996,,0.837672619047619,False,
31487,THU_U2,2021-11-07 00:00:00+00:00,915.2099523809522,-13.492595238095237,94.8546130952381,1.2905119047619047,6.762748015873016,93.71414484126983,0.24022619047619045,0.22504761904761902,220.28377976190475,252.488755952381,-14.66857738095238,2.306833333333333,22.957869047619052,-0.027999999999999997,,0.6014464285714285,False,
31488,THU_U2,2021-11-14 00:00:00+00:00,917.9923809523809,-21.576339285714283,82.68217261904762,0.5271785714285715,4.199339285714285,85.51175595238097,0.025571428571428557,0.023994047619047585,179.3484404761905,214.85461309523808,-24.84857738095238,1.2638571428571428,37.52099404761905,0.013000000000000003,,0.47935714285714287,False,
31489,THU_U2,2021-11-21 00:00:00+00:00,918.5116488095238,-19.649672619047617,98.58194642857141,0.7270238095238095,3.9743035714285715,109.75832142857143,0.0,0.0,218.83188095238094,231.8520892857143,-20.194374999999997,1.2754583333333331,9.156654761904761,0.026000000000000002,,0.8339285714285715,False,
31490,THU_U2,2021-11-28 00:00:00+00:00,922.6737857142855,-19.946005952380954,94.13022619047618,0.6807321428571429,3.7688540100250627,139.25835714285714,0.0,0.0,214.75544047619047,228.43310714285712,-21.166964285714283,1.0232894736842104,18.555825187969926,-0.004,,0.8012976190476191,False,
31491,THU_U2,2021-12-05 00:00:00+00:00,901.5536547619049,-13.909416666666669,92.62432142857142,1.210422619047619,8.10729761904762,89.87539880952383,0.0,0.0,226.5060119047619,251.17644047619046,-15.023934523809524,1.5203214285714284,26.30660714285714,0.029999999999999895,,0.6858392857142857,False,
31492,THU_U2,2021-12-12 00:00:00+00:00,904.8071309523809,-15.797880952380952,99.63275595238096,1.1823690476190476,5.976595238095237,94.8426369047619,0.0,0.0,228.80018452380955,245.45147023809523,-16.721910714285716,3.0336964285714285,13.749630952380953,-0.019000000000000003,,0.7803035714285713,False,
31493,THU_U2,2021-12-19 00:00:00+00:00,909.9109940476192,-18.114083333333333,98.12106547619047,0.8653690476190475,4.597876984126984,114.48977380952381,0.0,0.0,224.9207857142857,236.7040238095238,-18.933047619047617,2.2314345238095235,14.361857142857145,0.020000000000000302,,0.8376964285714286,False,
31494,THU_U2,2021-12-26 00:00:00+00:00,924.2072857142858,-9.924345238095238,92.04870833333335,1.7793392857142856,7.625232142857143,126.32451785714285,0.0,0.0,237.0052202380952,266.71944047619047,-11.231113095238095,0.00286309523809511,30.336750000000002,0.0379999999999997,,0.6219880952380953,False,
31495,THU_U2,2022-01-02 00:00:00+00:00,921.6535535714286,-19.813392857142855,81.81184523809523,0.6046785714285713,4.855017857142856,95.45268452380954,0.0,0.0,209.91138095238097,225.95689880952384,-21.839523809523808,-0.32774999999999993,30.279952380952377,-0.0560000000000002,,0.7439166666666667,False,
31496,THU_U2,2022-01-09 00:00:00+00:00,902.7945535714285,-19.403184523809525,87.05484523809524,0.6828809523809524,4.387505952380953,76.01913690476191,0.0,0.0,189.1498511904762,225.96374404761906,-21.65991071428572,2.0776964285714286,38.70940476190476,0.0279999999999999,,0.5037916666666666,False,
31497,THU_U2,2022-01-16 00:00:00+00:00,905.1653571428571,-19.264119047619044,94.94144047619046,0.782154761904762,5.685773809523809,89.67695833333333,0.0,0.0,212.76835119047618,231.48885714285714,-20.344708333333333,1.1625297619047619,21.422464285714284,-0.003999999999999301,,0.7498392857142857,False,
31498,THU_U2,2022-01-23 00:00:00+00:00,904.1573214285714,-23.99242261904762,91.63782738095237,0.4949940476190476,7.698797619047619,79.7834761904762,0.0,0.0,177.39835714285715,213.4968988095238,-25.256315476190476,0.732720238095238,25.64744047619048,0.0009999999999996002,,0.5418392857142857,False,
31499,THU_U2,2022-01-30 00:00:00+00:00,912.34475,-23.90039880952381,83.90072023809523,0.41202976190476187,6.75922619047619,79.10439285714287,0.0,0.0,169.50173214285718,211.1919761904762,-25.768732142857143,0.16688095238095238,41.841232142857145,0.013000000000000199,,0.45938095238095233,False,
31500,THU_U2,2022-02-06 00:00:00+00:00,910.7787976190476,-26.755327380952384,86.83402976190476,0.3381369047619048,6.273482142857142,79.9481011904762,0.04787499999999999,0.04601785714285711,163.3308035714286,202.29604166666667,-28.486244047619042,0.2507202380952382,36.4734761904762,1.0408340855860843e-16,,0.48745833333333327,False,
31501,THU_U2,2022-02-13 00:00:00+00:00,908.1145654761905,-29.603214285714284,83.17479166666666,0.25986904761904756,6.171946428571429,79.30810714285714,1.020690476190476,0.9825654761904763,153.01867261904763,192.04058333333333,-31.691202380952376,0.30885714285714283,36.573125000000005,0.013000000000000102,,0.4675119047619047,False,
31502,THU_U2,2022-02-20 00:00:00+00:00,903.2881488095239,-25.140226190476188,78.4436369047619,0.366297619047619,5.72052380952381,76.70243452380952,4.58752380952381,4.4247797619047615,164.0153988095238,204.60094642857143,-27.806744047619052,0.13698214285714277,49.38710714285714,0.0270000000000003,,0.4408809523809524,False,
31503,THU_U2,2022-02-27 00:00:00+00:00,906.812630952381,-25.18883333333334,71.78425000000001,0.3125,5.2364404761904755,65.43520238095236,14.71370238095238,14.216875,150.13981547619048,201.96830952380952,-28.44451785714286,-1.0500654761904762,57.32139880952381,-0.0139999999999991,,0.29286309523809523,False,
31504,THU_U2,2022-03-06 00:00:00+00:00,908.767488095238,-16.137339285714283,70.20020238095238,0.727047619047619,6.355648809523811,61.825750000000006,26.23407738095238,25.394339285714285,171.0532261904762,231.8558511904762,-19.817613095238094,-1.748672619047619,73.97535714285716,0.037000000000000005,,0.1957380952380952,False,
31505,THU_U2,2022-03-13 00:00:00+00:00,902.8207857142858,-22.507089285714283,91.08097023809523,0.5335535714285714,6.653625,85.42537500000002,34.4357380952381,33.39574404761905,182.61314285714283,218.76505357142855,-23.669958333333334,0.7770476190476191,25.046755952380952,0.0080000000000003,,0.5504523809523809,False,
31506,THU_U2,2022-03-20 00:00:00+00:00,898.7606607142858,-25.025904761904762,92.37848214285714,0.4386190476190476,8.866815873015872,109.26723293650794,47.516023809523816,46.16544642857142,189.31070238095234,212.01180952380952,-25.732970238095238,-0.7524376984126983,11.596104365079364,-0.0189999999999995,,0.7156845238095239,False,
31507,THU_U2,2022-03-27 00:00:00+00:00,926.5769404761905,-24.80219047619048,93.12183928571427,0.44209523809523804,7.456440476190477,103.14432142857143,63.25089880952381,61.56833928571429,183.73505952380953,212.13685714285717,-25.68792261904762,0.04189880952380953,16.207238095238097,0.031999999999999904,,0.6435714285714285,False,
31508,THU_U2,2022-04-03 00:00:00+00:00,925.648261904762,-11.877375,91.88182738095237,1.3920357142857143,5.162815476190475,91.20341666666668,87.52926785714286,85.36679761904763,228.83075000000002,258.09060714285715,-13.241392857142857,1.1626309523809517,19.32457142857143,0.005999999999999901,,0.6242440476190475,False,
31509,THU_U2,2022-04-10 00:00:00+00:00,923.2520416666667,-18.891583333333333,92.41285119047619,0.8056547619047619,5.041565476190476,87.95115476190476,119.57984523809525,114.45108928571427,192.28060119047618,232.82146428571426,-19.87575,-1.6601488095238093,16.779892857142855,0.006999999999999501,0.9508333333333333,0.510422619047619,False,
31510,THU_U2,2022-04-17 00:00:00+00:00,920.074625,-25.790041666666667,91.30248809523809,0.37723809523809526,4.811464285714286,136.31111904761903,158.5718392857143,138.19857142857143,173.54646428571428,209.0415357142857,-26.491571428571433,-1.4430892857142859,5.042732142857141,0.0319999999999997,0.8723738095238095,0.5682261904761905,False,
31511,THU_U2,2022-04-24 00:00:00+00:00,928.0616904761903,-22.620035714285713,84.85526190476192,0.47051190476190474,6.709761904761905,98.65337500000001,197.17074404761902,167.94414285714288,174.12110714285714,219.53564880952382,-23.392666666666663,-3.815095238095238,10.689654761904762,-0.033999999999999794,0.8377880952380953,0.46311309523809524,False,
31512,THU_U2,2022-05-01 00:00:00+00:00,931.5106011904762,-12.000297619047618,75.80652976190477,1.1441190476190477,6.319833333333333,74.82695238095239,241.78934523809522,199.55636309523808,202.20753571428574,255.9932619047619,-13.629869047619044,-11.814226190476191,27.027416666666664,0.022000000000000405,0.7892772108843538,0.3516666666666667,False,
31513,THU_U2,2022-05-08 00:00:00+00:00,924.2165476190476,-12.220339285714285,72.26251785714285,1.0445297619047618,5.099470238095238,91.23876190476189,257.73919642857146,207.66380952380948,208.656130952381,256.6125833333333,-13.479440476190476,-15.58232142857143,13.283035714285715,0.0119999999999996,0.8140122448979593,0.42483928571428564,False,
31514,THU_U2,2022-05-15 00:00:00+00:00,920.1637321428572,-10.780636904761906,77.30391666666667,1.271220238095238,3.5984464285714286,82.52088690476191,274.9949880952381,172.74925595238096,154.13592261904765,262.6407142857143,-11.497714285714284,-12.198511904761904,9.057740476190476,0.7359999999999994,0.6021672335600907,0.15809523809523807,False,
31515,THU_U2,2022-05-22 00:00:00+00:00,922.9464285714284,-7.656511904761905,81.26036904761905,1.754452380952381,3.420160714285714,153.47735119047618,263.8927678571428,170.32429166666662,202.81025,276.8300476190476,-8.347982142857143,-10.659321428571428,9.992464285714286,0.022999999999999802,0.6267936507936508,0.3632321428571429,False,
31516,THU_U2,2022-05-29 00:00:00+00:00,918.3809523809523,-9.104714285714284,88.41090476190477,1.7223988095238099,9.140083333333333,115.98738095238096,288.111505952381,179.1020357142857,212.26805357142862,273.95391666666666,-9.104946428571429,-22.986250000000002,-14.064916666666665,-0.0189999999999999,0.6171555555555556,0.4788809523809524,False,
31517,THU_U2,2022-06-05 00:00:00+00:00,937.6011904761905,-8.129583333333334,86.67138095238097,1.761357142857143,5.613053571428572,128.28307142857142,300.26354166666664,190.4550892857143,212.04952976190475,276.9953095238095,-8.407809523809524,-10.823142857142857,-2.145321428571428,0.0369999999999999,0.6311529581529581,0.49976785714285715,False,
31518,THU_U2,2022-06-12 00:00:00+00:00,922.9940476190477,-5.228476190476191,84.86048214285714,2.2383511904761906,3.8600598935226267,181.96776715468795,286.8750714285714,189.49973809523811,249.29076190476192,290.33859523809525,-5.406529761904762,-19.658142857142856,-3.6813095238095244,0.034,0.6517207792207792,0.6048809523809524,False,
31519,THU_U2,2022-06-19 00:00:00+00:00,918.827380952381,-1.9854226190476187,72.053375,2.5207380952380953,3.5099880952380955,85.99983928571429,368.38792261904763,219.15443452380956,170.50580357142857,296.2272380952381,-4.001982142857143,-19.507142857142856,18.01975,-0.031,0.5865180375180374,0.06818452380952379,False,
31520,THU_U2,2022-06-26 00:00:00+00:00,923.6130952380952,-0.32636904761904756,82.43906547619046,3.292702380952381,4.779710921325052,97.34739984472048,321.04373809523804,195.03095238095236,219.53604761904762,309.16638690476196,-1.2407857142857142,-20.978238095238094,11.977523809523811,-0.051999999999999894,0.5963116883116883,0.2935059523809524,False,
31521,THU_U2,2022-07-03 00:00:00+00:00,925.6904761904763,1.458458333333333,83.17161904761903,3.7702142857142857,4.981369047619047,93.48207738095236,319.90892261904764,175.7942142857143,225.4429523809524,316.04406547619044,-0.1722142857142857,-14.004071428571427,22.134000000000004,-0.1079999999999999,0.5547402597402598,0.29376785714285714,False,
31522,THU_U2,2022-07-10 00:00:00+00:00,923.5,2.5501785714285714,79.5144642857143,3.9282797619047614,4.522815476190476,73.56728571428572,327.7474523809524,178.6775238095238,211.48624404761904,317.79900000000004,-0.04733928571428568,-7.004785714285714,34.67517857142857,-0.2279999999999999,0.5408480519480519,0.1426190476190476,False,
31523,THU_U2,2022-07-17 00:00:00+00:00,924.3392857142857,3.608386904761905,78.09303571428572,4.118607142857143,5.082619047619048,70.0657738095238,283.67026785714285,145.24333928571428,238.70973809523812,319.57226190476194,-0.02130952380952377,1.1646071428571427,46.27214285714286,-0.2939999999999996,0.5119015873015872,0.2496547619047619,False,
31524,THU_U2,2022-07-24 00:00:00+00:00,923.8333333333333,1.5784464285714286,90.06464285714284,4.144666666666667,6.434095238095237,94.33214285714287,225.93587500000004,113.11985714285716,263.2772619047619,316.7785238095238,-0.1745892857142857,5.278571428571429,23.66710714285714,-0.034999999999999906,0.5056706349206349,0.5413333333333333,False,
31525,THU_U2,2022-07-31 00:00:00+00:00,923.0833333333333,2.4516488095238094,82.61048214285714,4.061517857142857,3.9028214285714284,75.72392857142857,250.50871428571432,134.25407142857142,221.28825595238098,316.76729166666667,-0.24291666666666664,-0.2594642857142852,24.468785714285712,-0.0829999999999998,0.5356249999999999,0.21258333333333332,False,
31526,THU_U2,2022-08-07 00:00:00+00:00,921.2797619047617,2.6286547619047624,78.96031547619047,3.924232142857143,4.388970238095238,58.60059523809524,272.88508333333334,133.30023214285717,196.36638690476187,316.4832142857143,-0.13524999999999995,-5.872928571428572,31.772892857142853,-0.1139999999999999,0.4810153061224489,0.04892857142857142,False,
31527,THU_U2,2022-08-14 00:00:00+00:00,915.8928571428572,0.09045238095238098,93.39116666666668,3.884428571428571,9.516982142857144,110.04839285714287,181.59283928571426,98.64815476190476,255.65876785714286,312.64120833333334,-0.6578630952380953,0.5527857142857151,9.474928571428572,0.1150000000000001,0.5385170068027211,0.5517797619047619,False,
31528,THU_U2,2022-08-21 00:00:00+00:00,921.7738095238095,0.1348511904761905,90.3838511904762,3.764,5.659011904761905,91.08648809523811,143.71689285714288,84.38041666666666,259.4376845238095,311.2949345238095,-1.0293511904761903,-0.877357142857143,15.294857142857143,0.0090000000000001,0.5749047619047619,0.5275595238095238,False,
31529,THU_U2,2022-08-28 00:00:00+00:00,922.3392857142857,-1.1151845238095237,84.53328571428571,3.1768571428571426,5.317666925465838,81.45074301242236,160.8042261904762,91.28771428571429,213.75117857142862,302.08017261904763,-2.5823571428571435,-5.580000000000001,18.382428571428573,0.08500000000000021,0.5539285714285714,0.23135119047619046,False,
31530,THU_U2,2022-09-04 00:00:00+00:00,922.8095238095237,-1.4420892857142853,92.61725595238094,3.4024404761904763,7.336309523809524,89.0608988095238,108.83345833333335,56.0105,249.8327678571429,304.36139880952385,-2.2055238095238097,-3.8729047619047625,11.78772619047619,0.7949999999999998,0.5495476190476191,0.5193571428571427,False,
31531,THU_U2,2022-09-11 00:00:00+00:00,923.720238095238,-1.4141785714285715,98.954,3.660119047619048,9.580130952380953,99.29821428571427,69.55704761904762,45.39398214285715,274.4992083333333,307.4629880952381,-1.660559523809524,0.8935000000000003,3.5816071428571425,0.11699999999999959,,0.6772142857142857,False,
31532,THU_U2,2022-09-18 00:00:00+00:00,922.065476190476,-1.8469047619047618,90.80538095238094,3.3254345238095238,4.76364880952381,70.71922619047619,50.39014880952381,32.885398809523814,252.9553452380952,300.1535833333333,-3.2734345238095237,1.7214285714285715,17.986964285714286,0.09100000000000001,,0.5273988095238096,False,
31533,THU_U2,2022-09-25 00:00:00+00:00,913.4285714285714,-6.647327380952381,97.84107738095238,2.3574761904761905,6.030483843537415,122.09472789115645,35.572339285714285,23.21504761904762,250.95770833333333,283.86273809523806,-6.9445178571428565,0.8213452380952381,5.031904761904761,0.014999999999999902,,0.6704642857142857,False,
31534,THU_U2,2022-10-02 00:00:00+00:00,914.1666666666667,-8.694083333333333,98.76304166666667,2.060583333333333,5.320615424430642,111.97284213250519,28.108821428571428,18.34425,275.5986607142857,275.31717857142854,-9.294994047619047,1.3278571428571426,9.693357142857144,0.012000000000000108,,0.9686845238095237,False,
31535,THU_U2,2022-10-09 00:00:00+00:00,912.654761904762,-11.411547619047619,98.42842261904761,1.5580119047619048,3.8280833333333333,75.60235714285714,16.08424404761905,10.496809523809523,257.0653988095238,260.5148690476191,-12.813684523809526,5.492464285714285,17.970035714285714,0.05799999999999961,,0.8976607142857144,False,
31536,THU_U2,2022-10-16 00:00:00+00:00,916.5595238095239,-11.451029761904762,95.82827380952381,1.6079642857142855,7.897024891774891,112.10129437229436,8.53235119047619,5.568363095238096,240.5566011904762,261.25761309523807,-12.621511904761904,2.812654761904762,19.960095238095242,0.2400000000000001,,0.722172619047619,False,
31537,THU_U2,2022-10-23 00:00:00+00:00,917.7142857142857,-13.937690476190479,94.40095833333332,1.243,2.9451858465608467,96.55248677248677,2.132297619047619,1.3915654761904765,250.67355357142858,253.27725595238095,-14.71994642857143,-2.2090416666666663,11.967375000000002,0.09999999999999976,,0.9296190476190477,False,
31538,THU_U2,2022-10-30 00:00:00+00:00,911.0972222222223,-16.335652777777778,99.83177083333334,1.1124583333333333,3.8049375000000007,63.53909722222222,0.231375,0.15100694444444446,239.93636805555556,242.82622222222224,-17.51267361111111,3.6078750000000004,18.07495833333333,0.021000000000000095,,0.9164652777777779,False,
31539,THU_U2,2022-11-06 00:00:00+00:00,908.4285714285714,-16.04285714285714,92.56671428571428,0.9972857142857144,5.0522857142857145,90.49428571428571,0.0,0.0,235.96814285714282,243.40042857142856,-17.19442857142857,1.4238571428571427,20.151714285714288,0.0649999999999998,,0.8730000000000001,False,
31540,THU_U2,2022-11-13 00:00:00+00:00,915.2857142857143,-21.805714285714288,96.08728571428571,0.5748571428571428,4.6582857142857135,76.21,0.0,0.0,189.8532857142857,219.6525714285714,-23.450285714285716,2.809285714285714,27.637,0.027000000000000003,,0.6045714285714284,False,
31541,THU_U2,2022-11-20 00:00:00+00:00,911.4285714285714,-18.382857142857144,98.15328571428572,0.8475714285714285,3.8932857142857142,115.18999999999998,0.0,0.0,221.81728571428576,235.49814285714282,-19.22842857142857,2.9654285714285717,15.90085714285714,0.0199999999999999,,0.8164285714285714,False,
31542,THU_U2,2022-11-27 00:00:00+00:00,914.2857142857143,-16.132857142857144,99.17057142857142,1.0577142857142856,3.6907142857142863,122.86571428571428,0.0,0.0,232.48271428571428,244.58842857142855,-16.851142857142857,3.3230000000000004,14.999714285714285,-0.0089999999999999,,0.838,False,
31543,THU_U2,2022-12-04 00:00:00+00:00,914.2857142857143,-23.292857142857144,99.7192857142857,0.5745714285714285,8.272,110.6,0.0,0.0,220.24957142857141,221.1521428571429,-23.416571428571427,0.258,1.64,0.0020000000000001007,,0.9854285714285714,False,
31544,THU_U2,2022-12-11 00:00:00+00:00,935.2857142857143,-12.708428571428572,100.0,1.5197142857142854,10.945666666666668,120.43333333333334,0.0,0.0,250.1112857142857,260.563,-12.887714285714285,0.672,1.4296666666666666,0.2989999999999997,,0.8784285714285713,False,
31545,THU_U2,2022-12-18 00:00:00+00:00,933.8571428571429,-19.03,97.28842857142857,0.8314285714285715,8.908,108.28,0.0,0.0,224.03885714285715,234.88914285714284,-19.556857142857144,0.17840000000000003,1.7200000000000002,-0.07800000000000001,,0.8607142857142858,False,
31546,THU_U2,2022-12-25 00:00:00+00:00,937.8571428571429,-24.552857142857142,98.75442857142856,0.5644285714285714,5.360142857142859,168.89285714285714,0.0,0.0,183.83599999999998,211.71999999999997,-26.091,1.362142857142857,15.414142857142858,-0.020999999999999994,,0.6222857142857142,False,
31547,THU_U2,2023-01-01 00:00:00+00:00,917.0,-29.934285714285718,99.10542857142856,0.2641428571428571,3.1641428571428567,63.284285714285716,0.0,0.0,189.82257142857142,197.49957142857144,-30.17528571428571,0.16914285714285718,3.9725714285714284,0.04699999999999999,,0.9021428571428572,False,
31548,THU_U2,2023-01-08 00:00:00+00:00,916.2857142857143,-26.655714285714286,96.08157142857142,0.37128571428571433,4.994142857142857,66.69857142857143,0.0,0.0,177.20114285714288,203.18914285714285,-28.297285714285717,2.4004285714285714,29.004428571428573,-0.013000000000000001,,0.6424285714285715,False,
31549,THU_U2,2023-01-15 00:00:00+00:00,912.4285714285714,-26.015714285714285,99.503,0.429,8.609571428571428,137.6314285714286,0.0,0.0,207.53442857142858,211.74585714285715,-26.046571428571433,-0.3791666666666666,-2.2935000000000003,0.005,,0.9511428571428572,False,
31550,THU_U2,2023-01-22 00:00:00+00:00,917.8571428571429,-30.585714285714285,96.46742857142858,0.30657142857142855,2.9604285714285714,74.71428571428574,0.0,0.0,174.8812857142857,194.24814285714288,-31.30642857142857,1.216,10.79457142857143,0.008,,0.7508571428571429,False,
31551,THU_U2,2023-01-29 00:00:00+00:00,907.5714285714286,-25.437142857142856,95.726,0.45442857142857146,6.854285714285715,69.13857142857144,0.0,0.0,175.31571428571428,207.69685714285717,-27.018285714285717,4.196714285714286,39.65642857142858,0.0020000000000000018,,0.5738571428571427,False,
31552,THU_U2,2023-02-05 00:00:00+00:00,912.1428571428571,-23.154285714285713,89.39999999999999,0.46614285714285714,6.280714285714287,61.54285714285714,0.0,0.0,169.24771428571427,211.94514285714288,-25.51814285714286,3.4147142857142856,51.03114285714286,-0.008999999999999998,,0.4312857142857142,False,
31553,THU_U2,2023-02-12 00:00:00+00:00,902.8571428571429,-28.427142857142858,94.93914285714287,0.3048571428571428,5.757714285714285,69.55857142857143,0.0,0.0,162.2592857142857,196.348,-30.286714285714282,2.4495714285714283,39.89957142857143,0.003999999999999999,,0.5385714285714286,False,
31554,THU_U2,2023-02-19 00:00:00+00:00,906.8571428571429,-30.43857142857143,92.60242857142858,0.23628571428571427,5.668,70.89428571428572,0.0,0.0,165.35414285714288,192.01857142857145,-31.696428571428573,0.7279999999999999,26.698428571428572,-0.003000000000000001,,0.6447142857142857,False,
31555,THU_U2,2023-02-26 00:00:00+00:00,,,,,,,,,,,,,,0.015,,,False,
