,stid,date,Unnamed: 0,air_pressure,air_temperature,relative_humidity,relative_humidity_corrected,specific_humidity,wind_speed,wind_from_direction,surface_downwelling_shortwave_flux,surface_downwelling_shortwave_flux_corrected,surface_upwelling_shortwave_flux,surface_upwelling_shortwave_flux_corrected,surface_albedo,surface_downwelling_longwave_flux,surface_upwelling_longwave_flux,cloud_area_fraction,surface_temperature,surface_downward_latent_heat_flux,surface_downward_sensible_heat_flux,distance_to_surface_from_boom,distance_to_surface_from_stake_assembly,depth_of_pressure_transducer_in_ice,depth_of_pressure_transducer_in_ice_corrected,precipitation,precipitation_corrected,ice_temperature_at_t1,ice_temperature_at_t2,ice_temperature_at_t3,ice_temperature_at_t4,ice_temperature_at_t5,ice_temperature_at_t6,ice_temperature_at_t7,ice_temperature_at_t8,platform_view_angle_x,platform_view_angle_y,platform_azimuth_angle,gps_latitude,gps_longitude,gps_altitude,gps_time,gps_geoid_separation,gps_geounit,gps_hdop,gps_numsat,gps_q,battery_voltage,Unnamed: 49,battery_voltage_at_sample_start,fan_current,frequency_of_precipitation_wire_vibration,temperature_of_logger,temperature_of_radiation_sensor,message_latitude,message_longitude,surface_height_1,surface_height_2,z_surf_1_adj_flag,z_surf_2_adj_flag,surface_height_combined,depth_of_ice_temperature_t1,depth_of_ice_temperature_t2,depth_of_ice_temperature_t3,depth_of_ice_temperature_t4,depth_of_ice_temperature_t5,depth_of_ice_temperature_t6,depth_of_ice_temperature_t7,depth_of_ice_temperature_t8,ice_temperature_at_10m,air_pressure.1,air_temperature.1,relative_humidity.1,relative_humidity_corrected.1,specific_humidity.1,wind_speed.1,wind_from_direction.1,surface_downward_latent_heat_flux.1,surface_downward_sensible_heat_flux.1,distance_to_surface_from_boom.1,precipitation.1,precipitation_corrected.1,ice_temperature_at_t9,ice_temperature_at_t10,ice_temperature_at_t11,fan_current.1,depth_of_ice_temperature_t9,depth_of_ice_temperature_t10,depth_of_ice_temperature_t11,z_pt_cor_adj_flag,adjusted_ice_surface_height,adjusted_surface_height_1,adjusted_surface_height_2,year,day,Datetime,month,DayOfYear,DayOfCentury,season
241154,WEG_B,2022-06-29,,,,,,,,,,,,,,,,,,,,,,,,,,,,,,,,,,,,,,,,,,,,,,,,,,,,,,,,,,,,,,,,,,,,,,,,,,,,,,,,,,,,,,,,,,,,2022,29,2022-06-29,June,180,737845,Summer
241155,WEG_B,2022-06-30,5783364.5,1013.2272727272727,5.218181818181818,86.39136363636364,86.39136363636364,,1.0234545454545454,87.70045454545455,21.633772727272728,,100.778,,,,,,,,,,,,,,,,,,,,,,,0.0,0.0,213.53636363636363,71.14113636363636,-51.222,15.740909090909092,1218.6627272727274,1.2922727272727272,,,,,13.207272727272727,,,,,,6.30209090909091,,,,,,,0.04895833333333333,,,,,,,,,,,,,,,,,,,,,,,,,,,,,,,0.04895833333333333,,2022,30,2022-06-30,June,181,737846,Summer
241156,WEG_B,2022-07-01,5783388.5,1010.8636363636364,6.495636363636364,85.9709090909091,85.9709090909091,,1.0527727272727274,104.1260909090909,72.88804545454546,,322.2287727272727,,,,,,,,,,,,,,,,,,,,,,,0.0,0.0,213.71818181818182,71.1410909090909,-51.222,14.6,1245.935909090909,1.3499999999999999,,,,,13.307272727272727,,,,,,8.412318181818181,,,,,,,0.015041666666666663,,,,,,,,,,,,,,,,,,,,,,,,,,,,,,,0.015041666666666663,,2022,01,2022-07-01,July,182,737847,Summer
241157,WEG_B,2022-07-02,5783412.5,1016.0,7.716090909090909,80.79954545454545,80.79954545454545,,1.386,103.6718181818182,40.14509090909091,,183.04777272727273,,,,,,,,,,,,,,,,,,,,,,,0.0,0.0,213.2409090909091,71.141,-51.222,13.545454545454545,1150.4813636363635,1.4768181818181818,,,,,13.410454545454547,,,,,,8.618454545454545,,,,,,,-0.05225,,,,,,,,,,,,,,,,,,,,,,,,,,,,,,,-0.05225,,2022,02,2022-07-02,July,183,737848,Summer
241158,WEG_B,2022-07-03,5783436.5,1016.3333333333334,8.174952380952382,78.47999999999999,78.47999999999999,,1.653857142857143,92.09109523809524,71.35028571428572,,312.5457619047619,,,,,,,,,,,,,,,,,,,,,,,0.0,0.0,213.5190476190476,71.14109523809525,-51.222,13.595238095238095,1173.8580952380953,1.5585714285714285,,,,,13.515714285714285,,,,,,9.912047619047618,,,,,,,0.00045833333333333257,,,,,,,,,,,,,,,,,,,,,,,,,,,,,,,0.00045833333333333257,,2022,03,2022-07-03,July,184,737849,Summer
241159,WEG_B,2022-07-04,5783460.5,,,,,,,,,,,,,,,,,,,,,,,,,,,,,,,,,0.0,0.0,,,,,,,,,,,,,,,,,,,,,,,,-0.03804166666666667,,,,,,,,,,,,,,,,,,,,,,,,,,,,,,,-0.03804166666666667,,2022,04,2022-07-04,July,185,737850,Summer
241160,WEG_B,2022-07-05,5783484.5,1003.6666666666666,13.822380952380952,45.55619047619047,45.55619047619047,,3.6352380952380954,193.3961904761905,70.17533333333333,,298.9758095238095,,,,,,,,,,,,,,,,,,,,,,,0.0,0.0,,71.14109523809525,-51.22195238095238,,1097.6666666666667,1.3804761904761906,,,,,13.701428571428572,,,,,,14.78095238095238,,,,,,,-0.012916666666666667,,,,,,,,,,,,,,,,,,,,,,,,,,,,,,,-0.012916666666666667,,2022,05,2022-07-05,July,186,737851,Summer
241161,WEG_B,2022-07-06,5783508.5,,,,,,,,,,,,,,,,,,,,,,,,,,,,,,,,,0.0,0.0,,,,,,,,,,,,,,,,,,,,,,,,0.07691666666666667,,,,,,,,,,,,,,,,,,,,,,,,,,,,,,,0.07691666666666667,,2022,06,2022-07-06,July,187,737852,Summer
241162,WEG_B,2022-07-07,5783532.5,1010.5714285714286,8.264857142857144,84.33714285714285,84.33714285714285,,1.2742857142857145,270.24285714285713,32.344095238095235,,148.10080952380952,,,,,,,,,,,,,,,,,,,,,,,0.0,0.0,213.23333333333332,71.14109523809525,-51.222,,1273.8580952380953,1.388095238095238,,,,,13.713809523809525,,,,,,9.174714285714286,,,,,,,0.07804166666666666,,,,,,,,,,,,,,,,,,,,,,,,,,,,,,,0.07804166666666666,,2022,07,2022-07-07,July,188,737853,Summer
241163,WEG_B,2022-07-08,5783556.5,,,,,,,,,,,,,,,,,,,,,,,,,,,,,,,,,0.0,0.0,,,,,,,,,,,,,,,,,,,,,,,,0.07791666666666668,,,,,,,,,,,,,,,,,,,,,,,,,,,,,,,0.07791666666666668,,2022,08,2022-07-08,July,189,737854,Summer
241164,WEG_B,2022-07-09,5783580.5,,,,,,,,,,,,,,,,,,,,,,,,,,,,,,,,,0.0,0.0,,,,,,,,,,,,,,,,,,,,,,,,0.07558333333333334,,,,,,,,,,,,,,,,,,,,,,,,,,,,,,,0.07558333333333334,,2022,09,2022-07-09,July,190,737855,Summer
241165,WEG_B,2022-07-10,5783604.5,1007.6190476190476,8.376857142857142,84.45,84.45,,2.233761904761905,250.87142857142857,75.21071428571429,,322.95342857142856,,,,,,,,,,,,,,,,,,,,,,,0.0,0.0,213.03809523809525,71.14109523809525,-51.222,,1273.8580952380953,1.4795238095238095,,,,,13.849523809523808,,,,,,10.092380952380953,,,,,,,0.041791666666666664,,,,,,,,,,,,,,,,,,,,,,,,,,,,,,,0.041791666666666664,,2022,10,2022-07-10,July,191,737856,Summer
241166,WEG_B,2022-07-11,5783628.5,,,,,,,,,,,,,,,,,,,,,,,,,,,,,,,,,0.0,0.0,,,,,,,,,,,,,,,,,,,,,,,,0.076625,,,,,,,,,,,,,,,,,,,,,,,,,,,,,,,0.076625,,2022,11,2022-07-11,July,192,737857,Summer
241167,WEG_B,2022-07-12,5783652.5,1007.7142857142857,9.41647619047619,66.80142857142857,66.80142857142857,,2.843095238095238,196.32285714285712,30.144809523809528,,134.39233333333334,,,,,,,,,,,,,,,,,,,,,,,0.0,0.0,212.9809523809524,71.141,-51.222,,1140.5242857142857,1.3642857142857143,,,,,13.798095238095238,,,,,,9.809000000000001,,,,,,,0.07733333333333334,,,,,,,,,,,,,,,,,,,,,,,,,,,,,,,0.07733333333333334,,2022,12,2022-07-12,July,193,737858,Summer
241168,WEG_B,2022-07-13,5783676.5,1014.1363636363636,7.843954545454546,87.49090909090908,87.49090909090908,,1.6418181818181816,260.1727272727273,39.019636363636366,,171.63318181818184,,,,,,,,,,,,,,,,,,,,,,,0.0,0.0,212.9227272727273,71.141,-51.222,14.054545454545455,1245.935,1.3095454545454546,,,,,13.769545454545455,,,,,,8.973590909090909,,,,,,,0.07729166666666666,,,,,,,,,,,,,,,,,,,,,,,,,,,,,,,0.07729166666666666,,2022,13,2022-07-13,July,194,737859,Summer
241169,WEG_B,2022-07-14,5783700.5,,,,,,,,,,,,,,,,,,,,,,,,,,,,,,,,,0.0,0.0,,,,,,,,,,,,,,,,,,,,,,,,0.07408333333333333,,,,,,,,,,,,,,,,,,,,,,,,,,,,,,,0.07408333333333333,,2022,14,2022-07-14,July,195,737860,Summer
241170,WEG_B,2022-07-15,5783724.5,1003.7619047619048,15.611904761904762,28.606666666666666,28.606666666666666,,12.227523809523811,46.82380952380952,51.20461904761905,,218.46733333333336,,,,,,,,,,,,,,,,,,,,,,,0.0,0.0,211.04285714285712,71.141,-51.222,12.47142857142857,1154.807142857143,1.283809523809524,,,,,13.864761904761906,,,,,,15.803333333333333,,,,,,,0.07162500000000001,,,,,,,,,,,,,,,,,,,,,,,,,,,,,,,0.07162500000000001,,2022,15,2022-07-15,July,196,737861,Summer
241171,WEG_B,2022-07-16,5783748.5,,,,,,,,,,,,,,,,,,,,,,,,,,,,,,,,,0.0,0.0,,,,,,,,,,,,,,,,,,,,,,,,0.07304166666666666,,,,,,,,,,,,,,,,,,,,,,,,,,,,,,,0.07304166666666666,,2022,16,2022-07-16,July,197,737862,Summer
241172,WEG_B,2022-07-17,5783772.5,,,,,,,,,,,,,,,,,,,,,,,,,,,,,,,,,0.0,0.0,,,,,,,,,,,,,,,,,,,,,,,,0.073375,,,,,,,,,,,,,,,,,,,,,,,,,,,,,,,0.073375,,2022,17,2022-07-17,July,198,737863,Summer
241173,WEG_B,2022-07-18,5783796.5,1008.1428571428571,12.841428571428573,51.30714285714286,51.30714285714286,,2.9595714285714285,189.0261904761905,55.36566666666667,,236.9392380952381,,,,,,,,,,,,,,,,,,,,,,,0.0,0.0,213.28095238095236,71.14114285714287,-51.222,14.30952380952381,1211.942857142857,1.5619047619047617,,,,,13.885714285714286,,,,,,13.772857142857143,,,,,,,0.07416666666666667,,,,,,,,,,,,,,,,,,,,,,,,,,,,,,,0.07416666666666667,,2022,18,2022-07-18,July,199,737864,Summer
241174,WEG_B,2022-07-19,5783820.5,,,,,,,,,,,,,,,,,,,,,,,,,,,,,,,,,0.0,0.0,,,,,,,,,,,,,,,,,,,,,,,,0.07154166666666667,,,,,,,,,,,,,,,,,,,,,,,,,,,,,,,0.07154166666666667,,2022,19,2022-07-19,July,200,737865,Summer
241175,WEG_B,2022-07-20,5783844.5,,,,,,,,,,,,,,,,,,,,,,,,,,,,,,,,,0.0,0.0,,,,,,,,,,,,,,,,,,,,,,,,0.073875,,,,,,,,,,,,,,,,,,,,,,,,,,,,,,,0.073875,,2022,20,2022-07-20,July,201,737866,Summer
241176,WEG_B,2022-07-21,5783868.5,,,,,,,,,,,,,,,,,,,,,,,,,,,,,,,,,0.0,0.0,,,,,,,,,,,,,,,,,,,,,,,,0.07020833333333333,,,,,,,,,,,,,,,,,,,,,,,,,,,,,,,0.07020833333333333,,2022,21,2022-07-21,July,202,737867,Summer
241177,WEG_B,2022-07-22,5783892.5,,,,,,,,,,,,,,,,,,,,,,,,,,,,,,,,,0.0,0.0,,,,,,,,,,,,,,,,,,,,,,,,0.06783333333333334,,,,,,,,,,,,,,,,,,,,,,,,,,,,,,,0.06783333333333334,,2022,22,2022-07-22,July,203,737868,Summer
241178,WEG_B,2022-07-23,5783916.5,,,,,,,,,,,,,,,,,,,,,,,,,,,,,,,,,0.0,0.0,,,,,,,,,,,,,,,,,,,,,,,,0.07370833333333333,,,,,,,,,,,,,,,,,,,,,,,,,,,,,,,0.07370833333333333,,2022,23,2022-07-23,July,204,737869,Summer
241179,WEG_B,2022-07-24,5783940.5,,,,,,,,,,,,,,,,,,,,,,,,,,,,,,,,,0.0,0.0,,,,,,,,,,,,,,,,,,,,,,,,0.07429166666666666,,,,,,,,,,,,,,,,,,,,,,,,,,,,,,,0.07429166666666666,,2022,24,2022-07-24,July,205,737870,Summer
241180,WEG_B,2022-07-25,5783964.5,,,,,,,,,,,,,,,,,,,,,,,,,,,,,,,,,0.0,0.0,,71.14109523809525,-51.222,,1240.5142857142857,1.467142857142857,,,,,13.600000000000001,,,,,,8.164333333333333,,,,,,,0.07366666666666666,,,,,,,,,,,,,,,,,,,,,,,,,,,,,,,0.07366666666666666,,2022,25,2022-07-25,July,206,737871,Summer
241181,WEG_B,2022-07-26,5783988.5,1009.7272727272727,7.068090909090909,94.1590909090909,94.1590909090909,,1.9710454545454545,264.31363636363636,26.958545454545455,,126.77136363636365,,,,,,,,,,,,,,,,,,,,,,,0.0,0.0,213.56363636363633,71.141,-51.222,,1159.5619047619048,1.4085714285714286,,,,,13.593333333333332,,,,,,7.8817619047619045,,,,,,,0.07358333333333333,,,,,,,,,,,,,,,,,,,,,,,,,,,,,,,0.07358333333333333,,2022,26,2022-07-26,July,207,737872,Summer
241182,WEG_B,2022-07-27,5784012.5,,,,,,,,,,,,,,,,,,,,,,,,,,,,,,,,,0.0,0.0,,,,,,,,,,,,,,,,,,,,,,,,0.074375,,,,,,,,,,,,,,,,,,,,,,,,,,,,,,,0.074375,,2022,27,2022-07-27,July,208,737873,Summer
241183,WEG_B,2022-07-28,5784036.5,1006.9047619047619,9.551,72.1,72.1,,2.1545238095238095,173.34666666666666,48.802238095238096,,210.22285714285715,,,,,,,,,,,,,,,,,,,,,,,0.0,0.0,213.53333333333333,71.141,-51.222,13.085714285714285,1192.894761904762,1.2619047619047619,,,,,13.612380952380953,,,,,,9.95052380952381,,,,,,,0.07208333333333333,,,,,,,,,,,,,,,,,,,,,,,,,,,,,,,0.07208333333333333,,2022,28,2022-07-28,July,209,737874,Summer
241184,WEG_B,2022-07-29,5784060.5,1005.0454545454545,12.375454545454545,34.00818181818182,34.00818181818182,,5.3883636363636365,109.97195454545454,37.34918181818182,,156.251,,,,,,,,,,,,,,,,,,,,,,,0.0,0.0,213.5681818181818,71.141,-51.222,,1130.990476190476,1.2985714285714285,,,,,13.690000000000001,,,,,,12.357142857142858,,,,,,,0.071625,,,,,,,,,,,,,,,,,,,,,,,,,,,,,,,0.071625,,2022,29,2022-07-29,July,210,737875,Summer
241185,WEG_B,2022-07-30,5784084.5,,,,,,,,,,,,,,,,,,,,,,,,,,,,,,,,,0.0,0.0,,,,,,,,,,,,,,,,,,,,,,,,0.070125,,,,,,,,,,,,,,,,,,,,,,,,,,,,,,,0.070125,,2022,30,2022-07-30,July,211,737876,Summer
241186,WEG_B,2022-07-31,5784108.5,,,,,,,,,,,,,,,,,,,,,,,,,,,,,,,,,0.0,0.0,,,,,,,,,,,,,,,,,,,,,,,,0.07037500000000001,,,,,,,,,,,,,,,,,,,,,,,,,,,,,,,0.07037500000000001,,2022,31,2022-07-31,July,212,737877,Summer
241187,WEG_B,2022-08-01,5784132.5,,,,,,,,,,,,,,,,,,,,,,,,,,,,,,,,,0.0,0.0,,71.14104761904761,-51.222,13.980952380952383,1254.800476190476,1.4147619047619049,,,,,13.744285714285715,,,,,,16.32,,,,,,,0.07237500000000001,,,,,,,,,,,,,,,,,,,,,,,,,,,,,,,0.07237500000000001,,2022,01,2022-08-01,August,213,737878,Summer
241188,WEG_B,2022-08-02,5784156.5,,,,,,,,,,,,,,,,,,,,,,,,,,,,,,,,,0.0,0.0,,,,,,,,,,,,,,,,,,,,,,,,0.072125,,,,,,,,,,,,,,,,,,,,,,,,,,,,,,,0.072125,,2022,02,2022-08-02,August,214,737879,Summer
241189,WEG_B,2022-08-03,5784180.5,,,,,,,,,,,,,,,,,,,,,,,,,,,,,,,,,0.0,0.0,,,,,,,,,,,,,,,,,,,,,,,,0.07258333333333333,,,,,,,,,,,,,,,,,,,,,,,,,,,,,,,0.07258333333333333,,2022,03,2022-08-03,August,215,737880,Summer
241190,WEG_B,2022-08-04,5784204.5,,,,,,,,,,,,,,,,,,,,,,,,,,,,,,,,,0.0,0.0,,,,,,,,,,,,,,,,,,,,,,,,0.07341666666666667,,,,,,,,,,,,,,,,,,,,,,,,,,,,,,,0.07341666666666667,,2022,04,2022-08-04,August,216,737881,Summer
241191,WEG_B,2022-08-05,5784228.5,,,,,,,,,,,,,,,,,,,,,,,,,,,,,,,,,0.0,0.0,,,,,,,,,,,,,,,,,,,,,,,,0.07445833333333333,,,,,,,,,,,,,,,,,,,,,,,,,,,,,,,0.07445833333333333,,2022,05,2022-08-05,August,217,737882,Summer
241192,WEG_B,2022-08-06,5784252.5,,,,,,,,,,,,,,,,,,,,,,,,,,,,,,,,,0.0,0.0,,,,,,,,,,,,,,,,,,,,,,,,0.07329166666666666,,,,,,,,,,,,,,,,,,,,,,,,,,,,,,,0.07329166666666666,,2022,06,2022-08-06,August,218,737883,Summer
241193,WEG_B,2022-08-07,5784276.5,997.0,8.183809523809524,84.90761904761905,84.90761904761905,,1.5021428571428572,204.37285714285713,29.343809523809526,,124.10166666666667,,,,,,,,,,,,,,,,,,,,,,,0.0,0.0,213.5,71.14109523809525,-51.222,,1230.990476190476,1.5190476190476192,,,,,13.783333333333333,,,,,,8.259666666666666,,,,,,,0.072375,,,,,,,,,,,,,,,,,,,,,,,,,,,,,,,0.072375,,2022,07,2022-08-07,August,219,737884,Summer
241194,WEG_B,2022-08-08,5784300.5,,,,,,,,,,,,,,,,,,,,,,,,,,,,,,,,,0.0,0.0,,,,,,,,,,,,,,,,,,,,,,,,0.07375,,,,,,,,,,,,,,,,,,,,,,,,,,,,,,,0.07375,,2022,08,2022-08-08,August,220,737885,Summer
241195,WEG_B,2022-08-09,5784324.5,,,,,,,,,,,,,,,,,,,,,,,,,,,,,,,,,0.0,0.0,,,,,,,,,,,,,,,,,,,,,,,,0.07341666666666667,,,,,,,,,,,,,,,,,,,,,,,,,,,,,,,0.07341666666666667,,2022,09,2022-08-09,August,221,737886,Summer
241196,WEG_B,2022-08-10,5784348.5,1005.7619047619048,6.022285714285714,87.66666666666667,87.66666666666667,,1.4475714285714285,257.31904761904764,20.222809523809524,,109.96804761904761,,,,,,,,,,,,,,,,,,,,,,,0.0,0.0,213.44761904761904,71.141,-51.222,10.7,1207.1742857142858,1.4928571428571429,,,,,13.662380952380953,,,,,,6.261285714285714,,,,,,,0.073375,,,,,,,,,,,,,,,,,,,,,,,,,,,,,,,0.073375,,2022,10,2022-08-10,August,222,737887,Summer
241197,WEG_B,2022-08-11,5784372.5,1007.0,7.533333333333333,79.48142857142857,79.48142857142857,,1.03,208.3844285714286,20.351142857142854,,101.19280952380953,,,,,,,,,,,,,,,,,,,,,,,0.0,0.0,213.43809523809523,71.141,-51.222,,1159.5514285714287,1.4528571428571428,,,,,13.636190476190476,,,,,,7.829666666666666,,,,,,,0.07345833333333333,,,,,,,,,,,,,,,,,,,,,,,,,,,,,,,0.07345833333333333,,2022,11,2022-08-11,August,223,737888,Summer
241198,WEG_B,2022-08-12,5784396.5,,,,,,,,,,,,,,,,,,,,,,,,,,,,,,,,,0.0,0.0,,,,,,,,,,,,,,,,,,,,,,,,0.07279166666666666,,,,,,,,,,,,,,,,,,,,,,,,,,,,,,,0.07279166666666666,,2022,12,2022-08-12,August,224,737889,Summer
241199,WEG_B,2022-08-13,5784420.5,,,,,,,,,,,,,,,,,,,,,,,,,,,,,,,,,0.0,0.0,,,,,,,,,,,,,,,,,,,,,,,,0.07170833333333333,,,,,,,,,,,,,,,,,,,,,,,,,,,,,,,0.07170833333333333,,2022,13,2022-08-13,August,225,737890,Summer
241200,WEG_B,2022-08-14,5784444.5,,,,,,,,,,,,,,,,,,,,,,,,,,,,,,,,,0.0,0.0,,,,,,,,,,,,,,,,,,,,,,,,0.07241666666666667,,,,,,,,,,,,,,,,,,,,,,,,,,,,,,,0.07241666666666667,,2022,14,2022-08-14,August,226,737891,Summer
241201,WEG_B,2022-08-15,5784468.5,,,,,,,,,,,,,,,,,,,,,,,,,,,,,,,,,0.0,0.0,,,,,,,,,,,,,,,,,,,,,,,,0.07125,,,,,,,,,,,,,,,,,,,,,,,,,,,,,,,0.07125,,2022,15,2022-08-15,August,227,737892,Summer
241202,WEG_B,2022-08-16,5784492.5,,,,,,,,,,,,,,,,,,,,,,,,,,,,,,,,,0.0,0.0,,,,,,,,,,,,,,,,,,,,,,,,0.07229166666666667,,,,,,,,,,,,,,,,,,,,,,,,,,,,,,,0.07229166666666667,,2022,16,2022-08-16,August,228,737893,Summer
241203,WEG_B,2022-08-17,5784516.5,,,,,,,,,,,,,,,,,,,,,,,,,,,,,,,,,0.0,0.0,,,,,,,,,,,,,,,,,,,,,,,,0.073625,,,,,,,,,,,,,,,,,,,,,,,,,,,,,,,0.073625,,2022,17,2022-08-17,August,229,737894,Summer
241204,WEG_B,2022-08-18,5784540.5,,,,,,,,,,,,,,,,,,,,,,,,,,,,,,,,,0.0,0.0,,,,,,,,,,,,,,,,,,,,,,,,0.07345833333333333,,,,,,,,,,,,,,,,,,,,,,,,,,,,,,,0.07345833333333333,,2022,18,2022-08-18,August,230,737895,Summer
241205,WEG_B,2022-08-19,5784564.5,,,,,,,,,,,,,,,,,,,,,,,,,,,,,,,,,0.0,0.0,,,,,,,,,,,,,,,,,,,,,,,,0.07258333333333333,,,,,,,,,,,,,,,,,,,,,,,,,,,,,,,0.07258333333333333,,2022,19,2022-08-19,August,231,737896,Summer
241206,WEG_B,2022-08-20,5784588.5,,,,,,,,,,,,,,,,,,,,,,,,,,,,,,,,,0.0,0.0,,,,,,,,,,,,,,,,,,,,,,,,0.06991666666666667,,,,,,,,,,,,,,,,,,,,,,,,,,,,,,,0.06991666666666667,,2022,20,2022-08-20,August,232,737897,Summer
241207,WEG_B,2022-08-21,5784612.5,1009.4285714285714,8.561523809523809,44.93857142857143,44.93857142857143,,4.475333333333333,132.14809523809524,29.14557142857143,,118.3185238095238,,,,,,,,,,,,,,,,,,,,,,,0.0,0.0,213.47142857142856,71.14114285714287,-51.222,,1207.1714285714286,1.7080952380952379,,,,,13.63904761904762,,,,,,8.867380952380952,,,,,,,0.07054166666666667,,,,,,,,,,,,,,,,,,,,,,,,,,,,,,,0.07054166666666667,,2022,21,2022-08-21,August,233,737898,Summer
241208,WEG_B,2022-08-22,5784636.5,,,,,,,,,,,,,,,,,,,,,,,,,,,,,,,,,0.0,0.0,,,,,,,,,,,,,,,,,,,,,,,,0.071625,,,,,,,,,,,,,,,,,,,,,,,,,,,,,,,0.071625,,2022,22,2022-08-22,August,234,737899,Summer
241209,WEG_B,2022-08-23,5784660.5,,,,,,,,,,,,,,,,,,,,,,,,,,,,,,,,,0.0,0.0,,,,,,,,,,,,,,,,,,,,,,,,0.07083333333333333,,,,,,,,,,,,,,,,,,,,,,,,,,,,,,,0.07083333333333333,,2022,23,2022-08-23,August,235,737900,Summer
241210,WEG_B,2022-08-24,5784684.5,,,,,,,,,,,,,,,,,,,,,,,,,,,,,,,,,0.0,0.0,,,,,,,,,,,,,,,,,,,,,,,,0.07004166666666667,,,,,,,,,,,,,,,,,,,,,,,,,,,,,,,0.07004166666666667,,2022,24,2022-08-24,August,236,737901,Summer
241211,WEG_B,2022-08-25,5784708.5,,,,,,,,,,,,,,,,,,,,,,,,,,,,,,,,,0.0,0.0,,,,,,,,,,,,,,,,,,,,,,,,0.070125,,,,,,,,,,,,,,,,,,,,,,,,,,,,,,,0.070125,,2022,25,2022-08-25,August,237,737902,Summer
241212,WEG_B,2022-08-26,5784732.5,,,,,,,,,,,,,,,,,,,,,,,,,,,,,,,,,0.0,0.0,,,,,,,,,,,,,,,,,,,,,,,,0.0675,,,,,,,,,,,,,,,,,,,,,,,,,,,,,,,0.0675,,2022,26,2022-08-26,August,238,737903,Summer
241213,WEG_B,2022-08-27,5784756.5,1012.8181818181819,6.144681818181818,89.25454545454545,89.25454545454545,,1.0681363636363637,236.9759090909091,31.45813636363636,,135.07822727272728,,,,,,,,,,,,,,,,,,,,,,,0.0,0.0,213.54090909090908,71.14104545454546,-51.222,13.095238095238095,1273.1881818181819,1.3372727272727274,,,,,13.521363636363638,,,,,,6.529181818181818,,,,,,,0.06495833333333333,,,,,,,,,,,,,,,,,,,,,,,,,,,,,,,0.06495833333333333,,2022,27,2022-08-27,August,239,737904,Summer
241214,WEG_B,2022-08-28,5784780.5,,,,,,,,,,,,,,,,,,,,,,,,,,,,,,,,,0.0,0.0,,,,,,,,,,,,,,,,,,,,,,,,0.07220833333333333,,,,,,,,,,,,,,,,,,,,,,,,,,,,,,,0.07220833333333333,,2022,28,2022-08-28,August,240,737905,Summer
241215,WEG_B,2022-08-29,5784804.5,,,,,,,,,,,,,,,,,,,,,,,,,,,,,,,,,0.0,0.0,,,,,,,,,,,,,,,,,,,,,,,,0.06841666666666667,,,,,,,,,,,,,,,,,,,,,,,,,,,,,,,0.06841666666666667,,2022,29,2022-08-29,August,241,737906,Summer
241216,WEG_B,2022-08-30,5784828.5,,,,,,,,,,,,,,,,,,,,,,,,,,,,,,,,,0.0,0.0,,,,,,,,,,,,,,,,,,,,,,,,0.0675,,,,,,,,,,,,,,,,,,,,,,,,,,,,,,,0.0675,,2022,30,2022-08-30,August,242,737907,Summer
241217,WEG_B,2022-08-31,5784852.5,1012.7272727272727,8.885,54.28272727272727,54.28272727272727,,4.015619047619047,163.3709523809524,11.542954545454545,,49.76504545454546,,,,,,,,,,,,,,,,,,,,,,,0.0,0.0,213.68636363636367,71.14104545454546,-51.222,13.468181818181819,1227.7336363636364,1.4590909090909092,,,,,13.617272727272727,,,,,,9.168681818181819,,,,,,,0.06791666666666667,,,,,,,,,,,,,,,,,,,,,,,,,,,,,,,0.06791666666666667,,2022,31,2022-08-31,August,243,737908,Summer
241218,WEG_B,2022-09-01,5784876.5,,,,,,,,,,,,,,,,,,,,,,,,,,,,,,,,,0.0,0.0,,,,,,,,,,,,,,,,,,,,,,,,0.06870833333333333,,,,,,,,,,,,,,,,,,,,,,,,,,,,,,,0.06870833333333333,,2022,01,2022-09-01,September,244,737909,Autumn
241219,WEG_B,2022-09-02,5784900.5,1009.8095238095239,14.345714285714285,53.03000000000001,53.03000000000001,,4.771714285714286,88.03285714285714,6.289428571428571,,14.862142857142858,,,,,,,,,,,,,,,,,,,,,,,0.0,0.0,212.7,71.141,-51.222,,1211.932857142857,1.5114285714285716,,,,,13.536666666666665,,,,,,13.25047619047619,,,,,,,0.068625,,,,,,,,,,,,,,,,,,,,,,,,,,,,,,,0.068625,,2022,02,2022-09-02,September,245,737910,Autumn
241220,WEG_B,2022-09-03,5784924.5,1015.7619047619048,14.245238095238093,61.26047619047619,61.26047619047619,,6.057428571428572,118.52857142857142,6.2912380952380955,,16.414380952380952,,,,,,,,,,,,,,,,,,,,,,,0.0,0.0,213.58095238095237,71.141,-51.222,,1221.4490476190476,1.5447619047619046,,,,,13.459523809523809,,,,,,13.456190476190475,,,,,,,0.06820833333333333,,,,,,,,,,,,,,,,,,,,,,,,,,,,,,,0.06820833333333333,,2022,03,2022-09-03,September,246,737911,Autumn
241221,WEG_B,2022-09-04,5784948.5,,,,,,,,,,,,,,,,,,,,,,,,,,,,,,,,,0.0,0.0,,,,,,,,,,,,,,,,,,,,,,,,0.06708333333333334,,,,,,,,,,,,,,,,,,,,,,,,,,,,,,,0.06708333333333334,,2022,04,2022-09-04,September,247,737912,Autumn
241222,WEG_B,2022-09-05,5784972.5,,,,,,,,,,,,,,,,,,,,,,,,,,,,,,,,,0.0,0.0,,,,,,,,,,,,,,,,,,,,,,,,0.06775,,,,,,,,,,,,,,,,,,,,,,,,,,,,,,,0.06775,,2022,05,2022-09-05,September,248,737913,Autumn
241223,WEG_B,2022-09-06,5784996.5,,,,,,,,,,,,,,,,,,,,,,,,,,,,,,,,,0.0,0.0,,,,,,,,,,,,,,,,,,,,,,,,0.06883333333333334,,,,,,,,,,,,,,,,,,,,,,,,,,,,,,,0.06883333333333334,,2022,06,2022-09-06,September,249,737914,Autumn
241224,WEG_B,2022-09-07,5785020.5,,,,,,,,,,,,,,,,,,,,,,,,,,,,,,,,,0.0,0.0,,,,,,,,,,,,,,,,,,,,,,,,0.07225,,,,,,,,,,,,,,,,,,,,,,,,,,,,,,,0.07225,,2022,07,2022-09-07,September,250,737915,Autumn
241225,WEG_B,2022-09-08,5785044.5,,,,,,,,,,,,,,,,,,,,,,,,,,,,,,,,,0.0,0.0,,,,,,,,,,,,,,,,,,,,,,,,0.07170833333333333,,,,,,,,,,,,,,,,,,,,,,,,,,,,,,,0.07170833333333333,,2022,08,2022-09-08,September,251,737916,Autumn
241226,WEG_B,2022-09-09,5785068.5,1017.3636363636364,9.488363636363637,65.0190909090909,65.0190909090909,,2.1748181818181815,166.29454545454544,6.400454545454545,,25.744500000000002,,,,,,,,,,,,,,,,,,,,,,,0.0,0.0,213.11363636363637,71.141,-51.222,12.733333333333333,1232.269090909091,1.3163636363636364,,,,,13.30909090909091,,,,,,9.018500000000001,,,,,,,0.07104166666666667,,,,,,,,,,,,,,,,,,,,,,,,,,,,,,,0.07104166666666667,,2022,09,2022-09-09,September,252,737917,Autumn
241227,WEG_B,2022-09-10,5785092.5,,,,,,,,,,,,,,,,,,,,,,,,,,,,,,,,,0.0,0.0,,,,,,,,,,,,,,,,,,,,,,,,0.06916666666666667,,,,,,,,,,,,,,,,,,,,,,,,,,,,,,,0.06916666666666667,,2022,10,2022-09-10,September,253,737918,Autumn
241228,WEG_B,2022-09-11,5785116.5,1008.8571428571429,9.713476190476191,70.44571428571429,70.44571428571429,,2.4711904761904764,136.39776190476192,6.95847619047619,,17.106238095238094,,,,,,,,,,,,,,,,,,,,,,,0.0,0.0,213.53333333333333,71.141,-51.222,12.038095238095238,1230.9704761904761,1.4780952380952381,,,,,13.234285714285715,,,,,,8.640238095238095,,,,,,,0.071,,,,,,,,,,,,,,,,,,,,,,,,,,,,,,,0.071,,2022,11,2022-09-11,September,254,737919,Autumn
241229,WEG_B,2022-09-12,5785140.5,,,,,,,,,,,,,,,,,,,,,,,,,,,,,,,,,0.0,0.0,,,,,,,,,,,,,,,,,,,,,,,,0.06991666666666667,,,,,,,,,,,,,,,,,,,,,,,,,,,,,,,0.06991666666666667,,2022,12,2022-09-12,September,255,737920,Autumn
241230,WEG_B,2022-09-13,5785164.5,,,,,,,,,,,,,,,,,,,,,,,,,,,,,,,,,0.0,0.0,,,,,,,,,,,,,,,,,,,,,,,,0.068875,,,,,,,,,,,,,,,,,,,,,,,,,,,,,,,0.068875,,2022,13,2022-09-13,September,256,737921,Autumn
241231,WEG_B,2022-09-14,5785188.5,,,,,,,,,,,,,,,,,,,,,,,,,,,,,,,,,0.0,0.0,,,,,,,,,,,,,,,,,,,,,,,,0.07091666666666667,,,,,,,,,,,,,,,,,,,,,,,,,,,,,,,0.07091666666666667,,2022,14,2022-09-14,September,257,737922,Autumn
241232,WEG_B,2022-09-15,5785212.5,,,,,,,,,,,,,,,,,,,,,,,,,,,,,,,,,0.0,0.0,,,,,,,,,,,,,,,,,,,,,,,,0.07058333333333333,,,,,,,,,,,,,,,,,,,,,,,,,,,,,,,0.07058333333333333,,2022,15,2022-09-15,September,258,737923,Autumn
241233,WEG_B,2022-09-16,5785236.5,,,,,,,,,,,,,,,,,,,,,,,,,,,,,,,,,0.0,0.0,,71.141,-51.222,,1211.9233333333334,1.7252380952380955,,,,,13.143333333333333,,,,,,5.768380952380952,,,,,,,0.06999999999999999,,,,,,,,,,,,,,,,,,,,,,,,,,,,,,,0.06999999999999999,,2022,16,2022-09-16,September,259,737924,Autumn
241234,WEG_B,2022-09-17,5785260.5,1004.9090909090909,2.954681818181818,95.64636363636363,95.64636363636363,,0.8795909090909091,193.08409090909092,10.98068181818182,,50.32290909090909,,,,,,,,,,,,,,,,,,,,,,,0.0,0.0,213.68636363636367,71.141,-51.222,,1150.0180952380954,1.481904761904762,,,,,13.158571428571427,,,,,,2.909666666666667,,,,,,,0.07075,,,,,,,,,,,,,,,,,,,,,,,,,,,,,,,0.07075,,2022,17,2022-09-17,September,260,737925,Autumn
241235,WEG_B,2022-09-18,5785284.5,1000.2380952380952,9.305190476190475,73.88428571428571,73.88428571428571,,2.1214761904761907,153.69276190476188,3.845952380952381,,19.391428571428573,,,,,,,,,,,,,,,,,,,,,,,0.0,0.0,213.5,71.14109523809525,-51.222,,1211.922380952381,1.648095238095238,,,,,13.114761904761902,,,,,,9.108857142857143,,,,,,,0.07062500000000001,,,,,,,,,,,,,,,,,,,,,,,,,,,,,,,0.07062500000000001,,2022,18,2022-09-18,September,261,737926,Autumn
241236,WEG_B,2022-09-19,5785308.5,,,,,,,,,,,,,,,,,,,,,,,,,,,,,,,,,0.0,0.0,,,,,,,,,,,,,,,,,,,,,,,,0.07120833333333333,,,,,,,,,,,,,,,,,,,,,,,,,,,,,,,0.07120833333333333,,2022,19,2022-09-19,September,262,737927,Autumn
241237,WEG_B,2022-09-20,5785332.5,999.3809523809524,0.7778095238095238,99.04285714285714,99.04285714285714,,,,15.09752380952381,,12.620714285714287,,,,,,,,,,,,,,,,,,,,,,,0.0,0.0,213.68571428571425,,,,,,,,,,,,,,,,,,,,,,,0.06879166666666667,,,,,,,,,,,,,,,,,,,,,,,,,,,,,,,0.06879166666666667,,2022,20,2022-09-20,September,263,737928,Autumn
241238,WEG_B,2022-09-21,5785356.5,1004.3333333333334,1.7411904761904762,87.93095238095238,87.93095238095238,,1.0358095238095237,131.17190476190476,7.839190476190476,,35.545476190476194,,,,,,,,,,,,,,,,,,,,,,,0.0,0.0,213.61904761904762,71.14119047619049,-51.222,,1188.1133333333332,1.640952380952381,,,,,13.017619047619048,,,,,,1.4056190476190475,,,,,,,0.07091666666666667,,,,,,,,,,,,,,,,,,,,,,,,,,,,,,,0.07091666666666667,,2022,21,2022-09-21,September,264,737929,Autumn
241239,WEG_B,2022-09-22,5785380.5,,,,,,,,,,,,,,,,,,,,,,,,,,,,,,,,,0.0,0.0,,,,,,,,,,,,,,,,,,,,,,,,0.069875,,,,,,,,,,,,,,,,,,,,,,,,,,,,,,,0.069875,,2022,22,2022-09-22,September,265,737930,Autumn
241240,WEG_B,2022-09-23,5785404.5,,,,,,,,,,,,,,,,,,,,,,,,,,,,,,,,,0.0,0.0,,,,,,,,,,,,,,,,,,,,,,,,0.07137500000000001,,,,,,,,,,,,,,,,,,,,,,,,,,,,,,,0.07137500000000001,,2022,23,2022-09-23,September,266,737931,Autumn
241241,WEG_B,2022-09-24,5785428.5,999.2857142857143,1.049952380952381,76.95666666666666,77.01638095238096,,,,44.87609523809524,,47.63861904761905,,,,,,,,,,,,,,,,,,,,,,,0.0,0.0,213.4142857142857,71.141,-51.222,11.333333333333334,1235.732857142857,1.2980952380952382,,,,,12.972857142857142,,,,,,1.028,,,,,,,0.07008333333333333,,,,,,,,,,,,,,,,,,,,,,,,,,,,,,,0.07008333333333333,,2022,24,2022-09-24,September,267,737932,Autumn
241242,WEG_B,2022-09-25,5785452.5,,,,,,,,,,,,,,,,,,,,,,,,,,,,,,,,,0.0,0.0,,,,,,,,,,,,,,,,,,,,,,,,0.07029166666666667,,,,,,,,,,,,,,,,,,,,,,,,,,,,,,,0.07029166666666667,,2022,25,2022-09-25,September,268,737933,Autumn
241243,WEG_B,2022-09-26,5785476.5,1001.3809523809524,4.249142857142857,74.6242857142857,74.6242857142857,,1.682095238095238,136.46476190476193,6.87847619047619,,29.340142857142858,,,,,,,,,,,,,,,,,,,,,,,0.0,0.0,213.3857142857143,,,,,,,,,,,,,,,,,,,,,,,0.07141666666666667,,,,,,,,,,,,,,,,,,,,,,,,,,,,,,,0.07141666666666667,,2022,26,2022-09-26,September,269,737934,Autumn
241244,WEG_B,2022-09-27,5785500.5,1004.0,4.245363636363636,95.90454545454546,95.90454545454546,,0.6819999999999999,152.30409090909092,4.04040909090909,,26.82340909090909,,,,,,,,,,,,,,,,,,,,,,,0.0,0.0,213.45,71.141,-51.222,12.133333333333333,1259.5318181818182,1.3263636363636364,,,,,12.95,,,,,,4.208909090909091,,,,,,,0.07225,,,,,,,,,,,,,,,,,,,,,,,,,,,,,,,0.07225,,2022,27,2022-09-27,September,270,737935,Autumn
241245,WEG_B,2022-09-28,5785524.5,,,,,,,,,,,,,,,,,,,,,,,,,,,,,,,,,0.0,0.0,,,,,,,,,,,,,,,,,,,,,,,,0.07108333333333333,,,,,,,,,,,,,,,,,,,,,,,,,,,,,,,0.07108333333333333,,2022,28,2022-09-28,September,271,737936,Autumn
241246,WEG_B,2022-09-29,5785548.5,,,,,,,,,,,,,,,,,,,,,,,,,,,,,,,,,0.0,0.0,,,,,,,,,,,,,,,,,,,,,,,,0.07154166666666666,,,,,,,,,,,,,,,,,,,,,,,,,,,,,,,0.07154166666666666,,2022,29,2022-09-29,September,272,737937,Autumn
241247,WEG_B,2022-09-30,5785572.5,996.5454545454545,1.803,61.91772727272728,61.91772727272728,,2.345181818181818,149.63154545454546,8.032545454545454,,27.420363636363632,,,,,,,,,,,,,,,,,,,,,,,0.0,0.0,213.3909090909091,71.141,-51.222,10.952380952380953,1214.0772727272727,1.554090909090909,,,,,12.905909090909091,,,,,,1.154590909090909,,,,,,,0.07225,,,,,,,,,,,,,,,,,,,,,,,,,,,,,,,0.07225,,2022,30,2022-09-30,September,273,737938,Autumn
241248,WEG_B,2022-10-01,5785596.5,,,,,,,,,,,,,,,,,,,,,,,,,,,,,,,,,0.0,0.0,,,,,,,,,,,,,,,,,,,,,,,,0.07241666666666667,,,,,,,,,,,,,,,,,,,,,,,,,,,,,,,0.07241666666666667,,2022,01,2022-10-01,October,274,737939,Autumn
241249,WEG_B,2022-10-02,5785620.5,,,,,,,,,,,,,,,,,,,,,,,,,,,,,,,,,0.0,0.0,,,,,,,,,,,,,,,,,,,,,,,,0.06991666666666667,,,,,,,,,,,,,,,,,,,,,,,,,,,,,,,0.06991666666666667,,2022,02,2022-10-02,October,275,737940,Autumn
241250,WEG_B,2022-10-03,5785644.5,993.7142857142857,-0.09361904761904763,82.43047619047618,82.92609523809524,,1.2856190476190477,113.63409523809523,7.444571428571428,,20.56604761904762,,,,,,,,,,,,,,,,,,,,,,,0.0,0.0,213.59047619047618,71.14104761904761,-51.222,,1235.7228571428573,1.4761904761904763,,,,,12.932380952380951,,,,,,-1.1456666666666666,,,,,,,0.06908333333333334,,,,,,,,,,,,,,,,,,,,,,,,,,,,,,,0.06908333333333334,,2022,03,2022-10-03,October,276,737941,Autumn
241251,WEG_B,2022-10-04,5785668.5,,,,,,,,,,,,,,,,,,,,,,,,,,,,,,,,,0.0,0.0,,71.1412380952381,-51.222,,1230.9604761904761,1.6423809523809525,,,,,12.907142857142858,,,,,,2.541,,,,,,,0.07154166666666666,,,,,,,,,,,,,,,,,,,,,,,,,,,,,,,0.07154166666666666,,2022,04,2022-10-04,October,277,737942,Autumn
241252,WEG_B,2022-10-05,5785692.5,,,,,,,,,,,,,,,,,,,,,,,,,,,,,,,,,0.0,0.0,,,,,,,,,,,,,,,,,,,,,,,,0.06970833333333333,,,,,,,,,,,,,,,,,,,,,,,,,,,,,,,0.06970833333333333,,2022,05,2022-10-05,October,278,737943,Autumn
241253,WEG_B,2022-10-06,5785716.5,,,,,,,,,,,,,,,,,,,,,,,,,,,,,,,,,0.0,0.0,,,,,,,,,,,,,,,,,,,,,,,,0.07033333333333333,,,,,,,,,,,,,,,,,,,,,,,,,,,,,,,0.07033333333333333,,2022,06,2022-10-06,October,279,737944,Autumn
241254,WEG_B,2022-10-07,5785740.5,1004.8260869565217,-2.134826086956522,40.678695652173914,41.501304347826085,1.3135454545454546,5.55791304347826,51.551478260869565,5.111130434782608,23.808500000000002,15.996956521739131,17.71140909090909,,251.78259090909089,300.94427272727273,0.4370909090909091,-2.906954545454546,-86.98781818181818,8.238318181818181,2.476227272727273,,,,193.0,209.446,,,,,,,,,0.0,0.0,213.58695652173913,71.14108695652175,-51.222,16.545454545454547,1242.1408695652174,1.5326086956521738,,,,,12.82,,,,,,-2.2755652173913044,,,0.12381818181818183,,,,0.06729166666666667,,,,,,,,,,,,,,,,,,,,,,,,,,,,,,,0.06729166666666667,,2022,07,2022-10-07,October,280,737945,Autumn
241255,WEG_B,2022-10-08,5785764.5,,,,,,,,,,,,,,,,,,,,,,,,,,,,,,,,,0.0,0.0,,,,,,,,,,,,,,,,,,,,,,,,0.066625,,,,,,,,,,,,,,,,,,,,,,,,,,,,,,,0.066625,,2022,08,2022-10-08,October,281,737946,Autumn
241256,WEG_B,2022-10-09,5785788.5,,,,,,,,,,,,,,,,,,,,,,,,,,,,,,,,,0.0,0.0,,,,,,,,,,,,,,,,,,,,,,,,0.06745833333333333,,,,,,,,,,,,,,,,,,,,,,,,,,,,,,,0.06745833333333333,,2022,09,2022-10-09,October,282,737947,Autumn
241257,WEG_B,2022-10-10,5785812.5,992.6190476190476,-1.8683333333333334,55.69571428571429,56.55209523809524,,2.2834761904761907,164.56619047619046,4.648380952380952,,13.563142857142855,,,,,,,,,,,,,,,,,,,,,,,0.0,0.0,213.48571428571427,71.141,-51.222,,1183.3414285714284,1.229047619047619,,,,,12.74952380952381,,,,,,-2.443952380952381,,,,,,,0.06808333333333333,,,,,,,,,,,,,,,,,,,,,,,,,,,,,,,0.06808333333333333,,2022,10,2022-10-10,October,283,737948,Autumn
241258,WEG_B,2022-10-11,5785836.5,,,,,,,,,,,,,,,,,,,,,,,,,,,,,,,,,0.0,0.0,,,,,,,,,,,,,,,,,,,,,,,,0.07045833333333333,,,,,,,,,,,,,,,,,,,,,,,,,,,,,,,0.07045833333333333,,2022,11,2022-10-11,October,284,737949,Autumn
241259,WEG_B,2022-10-12,5785860.5,,,,,,,,,,,,,,,,,,,,,,,,,,,,,,,,,0.0,0.0,,,,,,,,,,,,,,,,,,,,,,,,0.06933333333333333,,,,,,,,,,,,,,,,,,,,,,,,,,,,,,,0.06933333333333333,,2022,12,2022-10-12,October,285,737950,Autumn
241260,WEG_B,2022-10-13,5785884.5,1011.2380952380952,-3.1644285714285716,48.663809523809526,50.17814285714286,,3.0705714285714287,82.17842857142857,3.788952380952381,,12.105857142857143,,,,,,,,,,,,,,,,,,,,,,,0.0,0.0,213.55714285714285,71.14104761904761,-51.222,,1183.335238095238,1.3285714285714285,,,,,12.703333333333333,,,,,,-3.5286190476190478,,,,,,,0.07145833333333333,,,,,,,,,,,,,,,,,,,,,,,,,,,,,,,0.07145833333333333,,2022,13,2022-10-13,October,286,737951,Autumn
241261,WEG_B,2022-10-14,5785908.5,1024.857142857143,-2.2397142857142858,37.56333333333333,38.34866666666667,,3.438190476190476,142.54138095238096,3.8059047619047623,,10.22,,,,,,,,,,,,,,,,,,,,,,,0.0,0.0,213.34285714285713,71.14109523809525,-51.222,,1278.5700000000002,1.46,,,,,12.686666666666667,,,,,,-2.640285714285714,,,,,,,0.06974999999999999,,,,,,,,,,,,,,,,,,,,,,,,,,,,,,,0.06974999999999999,,2022,14,2022-10-14,October,287,737952,Autumn
241262,WEG_B,2022-10-15,5785932.5,,,,,,,,,,,,,,,,,,,,,,,,,,,,,,,,,0.0,0.0,,,,,,,,,,,,,,,,,,,,,,,,0.07045833333333333,,,,,,,,,,,,,,,,,,,,,,,,,,,,,,,0.07045833333333333,,2022,15,2022-10-15,October,288,737953,Autumn
241263,WEG_B,2022-10-16,5785956.5,1021.3809523809524,6.405047619047619,39.196666666666665,39.196666666666665,,3.697476190476191,163.54238095238094,2.2357142857142858,,1.2633333333333334,,,,,,,,,,,,,,,,,,,,,,,0.0,0.0,213.21428571428572,71.141,-51.222,11.70952380952381,1183.3314285714284,1.450952380952381,,,,,12.67904761904762,,,,,,5.573476190476191,,,,,,,0.06899999999999999,,,,,,,,,,,,,,,,,,,,,,,,,,,,,,,0.06899999999999999,,2022,16,2022-10-16,October,289,737954,Autumn
241264,WEG_B,2022-10-17,5785980.5,,,,,,,,,,,,,,,,,,,,,,,,,,,,,,,,,0.0,0.0,,,,,,,,,,,,,,,,,,,,,,,,0.06866666666666667,,,,,,,,,,,,,,,,,,,,,,,,,,,,,,,0.06866666666666667,,2022,17,2022-10-17,October,290,737955,Autumn
241265,WEG_B,2022-10-18,5786004.5,,,,,,,,,,,,,,,,,,,,,,,,,,,,,,,,,0.0,0.0,,,,,,,,,,,,,,,,,,,,,,,,0.07095833333333333,,,,,,,,,,,,,,,,,,,,,,,,,,,,,,,0.07095833333333333,,2022,18,2022-10-18,October,291,737956,Autumn
241266,WEG_B,2022-10-19,5786028.5,,,,,,,,,,,,,,,,,,,,,,,,,,,,,,,,,0.0,0.0,,,,,,,,,,,,,,,,,,,,,,,,0.06375,,,,,,,,,,,,,,,,,,,,,,,,,,,,,,,0.06375,,2022,19,2022-10-19,October,292,737957,Autumn
241267,WEG_B,2022-10-20,5786052.5,1024.3809523809523,-3.492047619047619,51.69904761904762,53.53580952380952,,3.9703809523809523,74.90142857142857,10.116619047619048,,12.220714285714285,,,,,,,,,,,,,,,,,,,,,,,0.0,0.0,213.39999999999998,71.14119047619049,-51.222,,1302.3795238095238,1.5699999999999998,,,,,12.644285714285715,,,,,,-3.9609523809523806,,,,,,,0.058541666666666665,,,,,,,,,,,,,,,,,,,,,,,,,,,,,,,0.058541666666666665,,2022,20,2022-10-20,October,293,737958,Autumn
241268,WEG_B,2022-10-21,5786076.5,1003.4761904761905,0.5166666666666667,63.71190476190476,64.12709523809524,,2.813761904761905,119.8695238095238,5.3806666666666665,,3.6336190476190473,,,,,,,,,,,,,,,,,,,,,,,0.0,0.0,213.54285714285712,71.14109523809525,-51.222,,1207.1414285714286,1.5514285714285714,,,,,12.617142857142856,,,,,,-0.3982380952380952,,,,,,,0.06241666666666667,,,,,,,,,,,,,,,,,,,,,,,,,,,,,,,0.06241666666666667,,2022,21,2022-10-21,October,294,737959,Autumn
241269,WEG_B,2022-10-22,5786100.5,,,,,,,,,,,,,,,,,,,,,,,,,,,,,,,,,0.0,0.0,,,,,,,,,,,,,,,,,,,,,,,,0.06733333333333334,,,,,,,,,,,,,,,,,,,,,,,,,,,,,,,0.06733333333333334,,2022,22,2022-10-22,October,295,737960,Autumn
241270,WEG_B,2022-10-23,5786124.5,998.0,5.259181818181818,52.682272727272725,52.682272727272725,,5.239681818181818,147.0868181818182,1.5587727272727272,,4.4145,,,,,,,,,,,,,,,,,,,,,,,0.0,0.0,213.45,71.14104761904761,-51.222,10.30952380952381,1178.5695238095238,1.2466666666666666,,,,,12.63809523809524,,,,,,5.017380952380952,,,,,,,0.06991666666666667,,,,,,,,,,,,,,,,,,,,,,,,,,,,,,,0.06991666666666667,,2022,23,2022-10-23,October,296,737961,Autumn
241271,WEG_B,2022-10-24,5786148.5,1000.7619047619048,2.1810952380952378,53.06476190476191,53.06476190476191,,3.596190476190476,43.016285714285715,4.071571428571429,,9.277571428571429,,,,,,,,,,,,,,,,,,,,,,,0.0,0.0,213.37142857142857,71.141,-51.222,,1202.3795238095238,1.3642857142857143,,,,,12.635238095238098,,,,,,1.7934761904761907,,,,,,,0.069625,,,,,,,,,,,,,,,,,,,,,,,,,,,,,,,0.069625,,2022,24,2022-10-24,October,297,737962,Autumn
241272,WEG_B,2022-10-25,5786172.5,,,,,,,,,,,,,,,,,,,,,,,,,,,,,,,,,0.0,0.0,,,,,,,,,,,,,,,,,,,,,,,,0.06804166666666667,,,,,,,,,,,,,,,,,,,,,,,,,,,,,,,0.06804166666666667,,2022,25,2022-10-25,October,298,737963,Autumn
241273,WEG_B,2022-10-26,5786196.5,1007.0,-2.092904761904762,75.75190476190475,77.47576190476191,,1.246190476190476,103.68476190476191,7.440095238095237,,3.503857142857143,,,,,,,,,,,,,,,,,,,,,,,0.0,0.0,213.53809523809525,,,,,,,,,,,,,,,,,,,,,,,0.051125000000000004,,,,,,,,,,,,,,,,,,,,,,,,,,,,,,,0.051125000000000004,,2022,26,2022-10-26,October,299,737964,Autumn
241274,WEG_B,2022-10-27,5786220.5,,,,,,,,,,,,,,,,,,,,,,,,,,,,,,,,,0.0,0.0,,,,,,,,,,,,,,,,,,,,,,,,0.05720833333333333,,,,,,,,,,,,,,,,,,,,,,,,,,,,,,,0.05720833333333333,,2022,27,2022-10-27,October,300,737965,Autumn
241275,WEG_B,2022-10-28,5786244.5,,,,,,,,,,,,,,,,,,,,,,,,,,,,,,,,,0.0,0.0,,,,,,,,,,,,,,,,,,,,,,,,0.06358333333333334,,,,,,,,,,,,,,,,,,,,,,,,,,,,,,,0.06358333333333334,,2022,28,2022-10-28,October,301,737966,Autumn
241276,WEG_B,2022-10-29,5786268.5,985.2857142857143,-0.5737142857142857,98.92380952380952,99.42157142857143,,,,4.626428571428572,,1.2235238095238095,,,,,,,,,,,,,,,,,,,,,,,0.0,0.0,213.2952380952381,,,,,,,,,,,,,,,,,,,,,,,0.07041666666666667,,,,,,,,,,,,,,,,,,,,,,,,,,,,,,,0.07041666666666667,,2022,29,2022-10-29,October,302,737967,Autumn
241277,WEG_B,2022-10-30,5786292.5,,,,,,,,,,,,,,,,,,,,,,,,,,,,,,,,,0.0,0.0,,,,,,,,,,,,,,,,,,,,,,,,0.06825,,,,,,,,,,,,,,,,,,,,,,,,,,,,,,,0.06825,,2022,30,2022-10-30,October,303,737968,Autumn
241278,WEG_B,2022-10-31,5786316.5,990.0454545454545,-5.2727272727272725,57.44409090909091,60.46990909090909,,2.0001818181818183,90.00545454545454,6.307227272727274,,3.857136363636364,,,,,,,,,,,,,,,,,,,,,,,0.0,0.0,213.56363636363633,71.141,-51.222,,1277.6963636363637,1.4472727272727273,,,,,12.547272727272729,,,,,,-6.2266818181818175,,,,,,,0.06841666666666667,,,,,,,,,,,,,,,,,,,,,,,,,,,,,,,0.06841666666666667,,2022,31,2022-10-31,October,304,737969,Autumn
241279,WEG_B,2022-11-01,5786340.5,,,,,,,,,,,,,,,,,,,,,,,,,,,,,,,,,0.0,0.0,,,,,,,,,,,,,,,,,,,,,,,,0.06745833333333333,,,,,,,,,,,,,,,,,,,,,,,,,,,,,,,0.06745833333333333,,2022,01,2022-11-01,November,305,737970,Autumn
241280,WEG_B,2022-11-02,5786364.5,,,,,,,,,,,,,,,,,,,,,,,,,,,,,,,,,0.0,0.0,,,,,,,,,,,,,,,,,,,,,,,,0.066625,,,,,,,,,,,,,,,,,,,,,,,,,,,,,,,0.066625,,2022,02,2022-11-02,November,306,737971,Autumn
241281,WEG_B,2022-11-03,5786388.5,,,,,,,,,,,,,,,,,,,,,,,,,,,,,,,,,0.0,0.0,,71.14104761904761,-51.222,,1249.9885714285715,1.5514285714285714,,,,,12.50904761904762,,,,,,-3.182380952380952,,,,,,,0.06758333333333334,,,,,,,,,,,,,,,,,,,,,,,,,,,,,,,0.06758333333333334,,2022,03,2022-11-03,November,307,737972,Autumn
241282,WEG_B,2022-11-04,5786412.5,,,,,,,,,,,,,,,,,,,,,,,,,,,,,,,,,0.0,0.0,,,,,,,,,,,,,,,,,,,,,,,,0.06666666666666667,,,,,,,,,,,,,,,,,,,,,,,,,,,,,,,0.06666666666666667,,2022,04,2022-11-04,November,308,737973,Autumn
241283,WEG_B,2022-11-05,5786436.5,,,,,,,,,,,,,,,,,,,,,,,,,,,,,,,,,0.0,0.0,,,,,,,,,,,,,,,,,,,,,,,,0.049499999999999995,,,,,,,,,,,,,,,,,,,,,,,,,,,,,,,0.049499999999999995,,2022,05,2022-11-05,November,309,737974,Autumn
241284,WEG_B,2022-11-06,5786460.5,,,,,,,,,,,,,,,,,,,,,,,,,,,,,,,,,0.0,0.0,,71.14109523809525,-51.222,,1240.464761904762,1.3038095238095238,,,,,12.533333333333333,,,,,,-5.704666666666666,,,,,,,0.06954166666666667,,,,,,,,,,,,,,,,,,,,,,,,,,,,,,,0.06954166666666667,,2022,06,2022-11-06,November,310,737975,Autumn
241285,WEG_B,2022-11-07,5786484.5,,,,,,,,,,,,,,,,,,,,,,,,,,,,,,,,,0.0,0.0,,,,,,,,,,,,,,,,,,,,,,,,0.07283333333333333,,,,,,,,,,,,,,,,,,,,,,,,,,,,,,,0.07283333333333333,,2022,07,2022-11-07,November,311,737976,Autumn
241286,WEG_B,2022-11-08,5786508.5,1009.2857142857143,-12.014761904761905,49.90761904761904,56.17366666666666,,3.345333333333333,90.97,2.898952380952381,,-0.5187142857142858,,,,,,,,,,,,,,,,,,,,,,,0.0,0.0,213.55714285714285,71.141,-51.222,,1235.7028571428573,1.233809523809524,,,,,12.485714285714286,,,,,,-12.473333333333333,,,,,,,0.06908333333333333,,,,,,,,,,,,,,,,,,,,,,,,,,,,,,,0.06908333333333333,,2022,08,2022-11-08,November,312,737977,Autumn
241287,WEG_B,2022-11-09,5786532.5,1007.0909090909091,-13.247272727272728,50.14727272727273,57.127318181818175,,3.4150909090909094,71.86727272727272,2.992318181818182,,-0.37095454545454554,,,,,,,,,,,,,,,,,,,,,,,0.0,0.0,213.27272727272728,71.141,-51.222,,1204.965909090909,1.3195454545454546,,,,,12.45409090909091,,,,,,-14.030909090909091,,,,,,,0.06820833333333333,,,,,,,,,,,,,,,,,,,,,,,,,,,,,,,0.06820833333333333,,2022,09,2022-11-09,November,313,737978,Autumn
241288,WEG_B,2022-11-10,5786556.5,997.5454545454545,-10.371363636363638,52.858181818181826,58.45463636363636,,2.160772727272727,89.60863636363636,2.477409090909091,,-0.11322727272727268,,,,,,,,,,,,,,,,,,,,,,,0.0,0.0,213.3590909090909,71.14104545454546,-51.222,11.295238095238094,1250.4213636363636,1.3709090909090909,,,,,12.437727272727273,,,,,,-11.095,,,,,,,0.06883333333333334,,,,,,,,,,,,,,,,,,,,,,,,,,,,,,,0.06883333333333334,,2022,10,2022-11-10,November,314,737979,Autumn
241289,WEG_B,2022-11-11,5786580.5,,,,,,,,,,,,,,,,,,,,,,,,,,,,,,,,,0.0,0.0,,,,,,,,,,,,,,,,,,,,,,,,0.069375,,,,,,,,,,,,,,,,,,,,,,,,,,,,,,,0.069375,,2022,11,2022-11-11,November,315,737980,Autumn
241290,WEG_B,2022-11-12,5786604.5,,,,,,,,,,,,,,,,,,,,,,,,,,,,,,,,,0.0,0.0,,,,,,,,,,,,,,,,,,,,,,,,0.06729166666666667,,,,,,,,,,,,,,,,,,,,,,,,,,,,,,,0.06729166666666667,,2022,12,2022-11-12,November,316,737981,Autumn
241291,WEG_B,2022-11-13,5786628.5,1006.1904761904761,4.323714285714286,42.74809523809524,42.74809523809524,,5.238809523809524,142.13285714285715,1.3213809523809523,,-1.109,,,,,,,,,,,,,,,,,,,,,,,0.0,0.0,212.78095238095236,71.14104761904761,-51.222,,1292.8457142857144,1.4571428571428573,,,,,12.510476190476188,,,,,,3.523857142857143,,,,,,,0.06883333333333333,,,,,,,,,,,,,,,,,,,,,,,,,,,,,,,0.06883333333333333,,2022,13,2022-11-13,November,317,737982,Autumn
241292,WEG_B,2022-11-14,5786652.5,,,,,,,,,,,,,,,,,,,,,,,,,,,,,,,,,0.0,0.0,,71.14104761904761,-51.222,13.923809523809522,1226.1785714285713,1.3571428571428572,,,,,12.538095238095238,,,,,,1.2616190476190476,,,,,,,0.07016666666666667,,,,,,,,,,,,,,,,,,,,,,,,,,,,,,,0.07016666666666667,,2022,14,2022-11-14,November,318,737983,Autumn
241293,WEG_B,2022-11-15,5786676.5,,,,,,,,,,,,,,,,,,,,,,,,,,,,,,,,,0.0,0.0,,,,,,,,,,,,,,,,,,,,,,,,0.06974999999999999,,,,,,,,,,,,,,,,,,,,,,,,,,,,,,,0.06974999999999999,,2022,15,2022-11-15,November,319,737984,Autumn
241294,WEG_B,2022-11-16,5786700.5,1000.7391304347826,-5.4275652173913045,51.81739130434782,54.37704347826087,1.3235000000000001,3.9018260869565218,56.60300000000001,1.753913043478261,0.6085909090909091,-1.0840434782608697,0.45277272727272727,,224.19059090909093,281.7353181818182,0.305,-7.2642727272727265,-29.27822727272727,20.84618181818182,2.4725454545454544,,,,236.6,257.576,,,,,,,,,0.0,0.0,214.07391304347826,71.14126086956522,-51.222,,1255.1639130434783,1.7069565217391303,,,,,12.52,,,,,,-5.665652173913044,,,0.12745454545454546,,,,0.06816666666666667,,,,,,,,,,,,,,,,,,,,,,,,,,,,,,,0.06816666666666667,,2022,16,2022-11-16,November,320,737985,Autumn
241295,WEG_B,2022-11-17,5786724.5,995.4761904761905,-7.652714285714286,52.14,56.13471428571428,,2.1632857142857143,88.3747619047619,1.8402857142857143,,-0.6839047619047619,,,,,,,,,,,,,,,,,,,,,,,0.0,0.0,213.5952380952381,71.1410909090909,-51.222,15.672727272727274,1218.5959090909091,1.4845454545454546,,,,,12.482272727272727,,,,,,-8.381727272727273,,,,,,,0.06741666666666667,,,,,,,,,,,,,,,,,,,,,,,,,,,,,,,0.06741666666666667,,2022,17,2022-11-17,November,321,737986,Autumn
241296,WEG_B,2022-11-18,5786748.5,,,,,,,,,,,,,,,,,,,,,,,,,,,,,,,,,0.0,0.0,,,,,,,,,,,,,,,,,,,,,,,,0.07054166666666667,,,,,,,,,,,,,,,,,,,,,,,,,,,,,,,0.07054166666666667,,2022,18,2022-11-18,November,322,737987,Autumn
241297,WEG_B,2022-11-19,5786772.5,991.2380952380952,3.145142857142857,40.73714285714286,41.25642857142857,,8.179857142857143,99.85619047619048,0.8215714285714286,,-1.4426666666666665,,,,,,,,,,,,,,,,,,,,,,,0.0,0.0,213.24761904761903,,,,,,,,,,,,,,,,,,,,,,,0.0665,,,,,,,,,,,,,,,,,,,,,,,,,,,,,,,0.0665,,2022,19,2022-11-19,November,323,737988,Autumn
241298,WEG_B,2022-11-20,5786796.5,995.6666666666666,-1.8452380952380953,45.91904761904762,46.927,,3.1093333333333337,96.8607619047619,1.5786666666666667,,-1.8176190476190477,,,,,,,,,,,,,,,,,,,,,,,0.0,0.0,213.96666666666667,71.14113636363636,-51.222,14.761904761904763,1259.5018181818182,1.339090909090909,,,,,12.489545454545453,,,,,,-2.341090909090909,,,,,,,0.06925,,,,,,,,,,,,,,,,,,,,,,,,,,,,,,,0.06925,,2022,20,2022-11-20,November,324,737989,Autumn
241299,WEG_B,2022-11-21,5786820.5,996.1904761904761,1.3340476190476191,42.19,42.644999999999996,,4.2001904761904765,117.94952380952381,1.3778095238095238,,-2.0633809523809523,,,,,,,,,,,,,,,,,,,,,,,0.0,0.0,213.7904761904762,71.14104761904761,-51.222,,1202.3595238095238,1.3752380952380951,,,,,12.480952380952383,,,,,,0.6814285714285715,,,,,,,0.06833333333333334,,,,,,,,,,,,,,,,,,,,,,,,,,,,,,,0.06833333333333334,,2022,21,2022-11-21,November,325,737990,Autumn
241300,WEG_B,2022-11-22,5786844.5,,,,,,,,,,,,,,,,,,,,,,,,,,,,,,,,,0.0,0.0,,,,,,,,,,,,,,,,,,,,,,,,0.069625,,,,,,,,,,,,,,,,,,,,,,,,,,,,,,,0.069625,,2022,22,2022-11-22,November,326,737991,Autumn
241301,WEG_B,2022-11-23,5786868.5,,,,,,,,,,,,,,,,,,,,,,,,,,,,,,,,,0.0,0.0,,71.14104761904761,-51.222,13.519047619047617,1216.644761904762,1.4185714285714286,,,,,12.504285714285713,,,,,,3.244666666666667,,,,,,,0.0685,,,,,,,,,,,,,,,,,,,,,,,,,,,,,,,0.0685,,2022,23,2022-11-23,November,327,737992,Autumn
241302,WEG_B,2022-11-24,5786892.5,,,,,,,,,,,,,,,,,,,,,,,,,,,,,,,,,0.0,0.0,,,,,,,,,,,,,,,,,,,,,,,,0.068375,,,,,,,,,,,,,,,,,,,,,,,,,,,,,,,0.068375,,2022,24,2022-11-24,November,328,737993,Autumn
241303,WEG_B,2022-11-25,5786916.5,,,,,,,,,,,,,,,,,,,,,,,,,,,,,,,,,0.0,0.0,,,,,,,,,,,,,,,,,,,,,,,,0.069,,,,,,,,,,,,,,,,,,,,,,,,,,,,,,,0.069,,2022,25,2022-11-25,November,329,737994,Autumn
241304,WEG_B,2022-11-26,5786940.5,999.2857142857143,-4.746809523809524,72.14380952380952,75.53623809523809,,1.7554761904761906,88.73666666666666,0.9137142857142857,,-0.495,,,,,,,,,,,,,,,,,,,,,,,0.0,0.0,213.89999999999998,71.14104545454546,-51.222,12.352380952380951,1259.5022727272726,1.4504545454545454,,,,,12.442272727272728,,,,,,-5.142636363636364,,,,,,,0.06804166666666667,,,,,,,,,,,,,,,,,,,,,,,,,,,,,,,0.06804166666666667,,2022,26,2022-11-26,November,330,737995,Autumn
241305,WEG_B,2022-11-27,5786964.5,1005.0434782608696,-3.640478260869565,63.582608695652176,65.93317391304348,1.7974285714285716,2.3388260869565216,126.49617391304349,0.6372173913043477,0.0007142857142857143,-0.6697391304347826,0.0005238095238095238,,273.6202857142857,292.6734285714286,0.7301428571428572,-4.975666666666667,-14.774619047619048,9.725761904761905,2.470761904761905,,,,236.59999999999997,257.576,,,,,,,,,0.0,0.0,213.7173913043478,71.141,-51.222,11.513636363636364,1191.3204545454546,1.32,,,,,12.424545454545454,,,,,,-3.904818181818182,,,0.12923809523809524,,,,0.06945833333333333,,,,,,,,,,,,,,,,,,,,,,,,,,,,,,,0.06945833333333333,,2022,27,2022-11-27,November,331,737996,Autumn
241306,WEG_B,2022-11-28,5786988.5,,,,,,,,,,,,,,,,,,,,,,,,,,,,,,,,,0.0,0.0,,,,,,,,,,,,,,,,,,,,,,,,0.06933333333333333,,,,,,,,,,,,,,,,,,,,,,,,,,,,,,,0.06933333333333333,,2022,28,2022-11-28,November,332,737997,Autumn
241307,WEG_B,2022-11-29,5787012.5,,,,,,,,,,,,,,,,,,,,,,,,,,,,,,,,,0.0,0.0,,,,,,,,,,,,,,,,,,,,,,,,0.06966666666666667,,,,,,,,,,,,,,,,,,,,,,,,,,,,,,,0.06966666666666667,,2022,29,2022-11-29,November,333,737998,Autumn
241308,WEG_B,2022-11-30,5787036.5,998.375,-3.9138750000000004,81.27416666666666,84.455375,2.3078260869565215,6.906375,226.08041666666668,0.110875,0.0,-0.536,0.0,,285.718,296.2948260869565,0.8761739130434784,-4.211565217391304,-21.669478260869564,0.17904347826086967,2.471913043478261,,,,236.6,257.576,,,,,,,,,0.0,0.0,213.13333333333333,71.14117391304349,-51.222,14.20909090909091,1159.5017391304348,1.8991304347826088,,,,,12.40913043478261,,,,,,-3.8873478260869567,,,0.1281304347826087,,,,0.069375,,,,,,,,,,,,,,,,,,,,,,,,,,,,,,,0.069375,,2022,30,2022-11-30,November,334,737999,Autumn
241309,WEG_B,2022-12-01,5787060.5,,,,,,,,,,,,,,,,,,,,,,,,,,,,,,,,,0.0,0.0,,,,,,,,,,,,,,,,,,,,,,,,0.06620833333333333,,,,,,,,,,,,,,,,,,,,,,,,,,,,,,,0.06620833333333333,,2022,01,2022-12-01,December,335,738000,Winter
241310,WEG_B,2022-12-02,5787084.5,,,,,,,,,,,,,,,,,,,,,,,,,,,,,,,,,0.0,0.0,,,,,,,,,,,,,,,,,,,,,,,,0.06820833333333333,,,,,,,,,,,,,,,,,,,,,,,,,,,,,,,0.06820833333333333,,2022,02,2022-12-02,December,336,738001,Winter
241311,WEG_B,2022-12-03,5787108.5,1003.3181818181819,4.293227272727273,54.075,54.075,,10.511090909090909,318.9136363636364,0.1839090909090909,,-2.144636363636364,,,,,,,,,,,,,,,,,,,,,,,0.0,0.0,209.7409090909091,71.14119047619049,-51.222,,1140.4542857142858,1.7271428571428573,,,,,12.40952380952381,,,,,,4.097238095238096,,,,,,,0.06770833333333333,,,,,,,,,,,,,,,,,,,,,,,,,,,,,,,0.06770833333333333,,2022,03,2022-12-03,December,337,738002,Winter
241312,WEG_B,2022-12-04,5787132.5,,,,,,,,,,,,,,,,,,,,,,,,,,,,,,,,,0.0,0.0,,,,,,,,,,,,,,,,,,,,,,,,0.06791666666666667,,,,,,,,,,,,,,,,,,,,,,,,,,,,,,,0.06791666666666667,,2022,04,2022-12-04,December,338,738003,Winter
241313,WEG_B,2022-12-05,5787156.5,,,,,,,,,,,,,,,,,,,,,,,,,,,,,,,,,0.0,0.0,,,,,,,,,,,,,,,,,,,,,,,,0.06895833333333333,,,,,,,,,,,,,,,,,,,,,,,,,,,,,,,0.06895833333333333,,2022,05,2022-12-05,December,339,738004,Winter
241314,WEG_B,2022-12-06,5787180.5,,,,,,,,,,,,,,,,,,,,,,,,,,,,,,,,,0.0,0.0,,,,,,,,,,,,,,,,,,,,,,,,0.06983333333333333,,,,,,,,,,,,,,,,,,,,,,,,,,,,,,,0.06983333333333333,,2022,06,2022-12-06,December,340,738005,Winter
241315,WEG_B,2022-12-07,5787204.5,1039.4761904761904,2.2951904761904762,48.45333333333333,48.45333333333333,,7.330809523809524,107.62190476190476,0.2902857142857143,,-1.281952380952381,,,,,,,,,,,,,,,,,,,,,,,0.0,0.0,211.33333333333334,71.141,-51.222,,1226.1580952380953,1.3342857142857143,,,,,12.421428571428573,,,,,,2.1261428571428573,,,,,,,0.06920833333333333,,,,,,,,,,,,,,,,,,,,,,,,,,,,,,,0.06920833333333333,,2022,07,2022-12-07,December,341,738006,Winter
241316,WEG_B,2022-12-08,5787228.5,,,,,,,,,,,,,,,,,,,,,,,,,,,,,,,,,0.0,0.0,,71.14109523809525,-51.222,,1273.7780952380951,1.369047619047619,,,,,12.407142857142858,,,,,,4.157857142857143,,,,,,,0.06629166666666668,,,,,,,,,,,,,,,,,,,,,,,,,,,,,,,0.06629166666666668,,2022,08,2022-12-08,December,342,738007,Winter
241317,WEG_B,2022-12-09,5787252.5,1032.6666666666667,6.450047619047619,35.457142857142856,35.457142857142856,,7.943619047619047,61.29571428571429,0.11157142857142857,,-1.6364761904761904,,,,,,,,,,,,,,,,,,,,,,,0.0,0.0,210.28571428571428,,,,,,,,,,,,,,,,,,,,,,,0.066875,,,,,,,,,,,,,,,,,,,,,,,,,,,,,,,0.066875,,2022,09,2022-12-09,December,343,738008,Winter
241318,WEG_B,2022-12-10,5787276.5,1036.6190476190477,3.0262380952380954,34.726190476190474,34.726190476190474,,,,1.3494285714285714,,-2.384190476190476,,,,,,,,,,,,,,,,,,,,,,,0.0,0.0,211.07142857142858,71.141,-51.222,,1226.1585714285716,1.3666666666666667,,,,,12.407142857142858,,,,,,2.609857142857143,,,,,,,0.06908333333333333,,,,,,,,,,,,,,,,,,,,,,,,,,,,,,,0.06908333333333333,,2022,10,2022-12-10,December,344,738009,Winter
241319,WEG_B,2022-12-11,5787300.5,,,,,,,,,,,,,,,,,,,,,,,,,,,,,,,,,0.0,0.0,,,,,,,,,,,,,,,,,,,,,,,,0.06833333333333334,,,,,,,,,,,,,,,,,,,,,,,,,,,,,,,0.06833333333333334,,2022,11,2022-12-11,December,345,738010,Winter
241320,WEG_B,2022-12-12,5787324.5,,,,,,,,,,,,,,,,,,,,,,,,,,,,,,,,,0.0,0.0,,,,,,,,,,,,,,,,,,,,,,,,0.06716666666666667,,,,,,,,,,,,,,,,,,,,,,,,,,,,,,,0.06716666666666667,,2022,12,2022-12-12,December,346,738011,Winter
241321,WEG_B,2022-12-13,5787348.5,1036.7619047619048,-6.103238095238096,41.179047619047616,43.65309523809524,,3.312095238095238,63.217333333333336,1.245904761904762,,-1.7005714285714286,,,,,,,,,,,,,,,,,,,,,,,0.0,0.0,210.83333333333334,71.141,-51.222,,1188.0633333333333,1.4376190476190476,,,,,12.299047619047618,,,,,,-6.618047619047618,,,,,,,0.06883333333333334,,,,,,,,,,,,,,,,,,,,,,,,,,,,,,,0.06883333333333334,,2022,13,2022-12-13,December,347,738012,Winter
241322,WEG_B,2022-12-14,5787372.5,,,,,,,,,,,,,,,,,,,,,,,,,,,,,,,,,0.0,0.0,,,,,,,,,,,,,,,,,,,,,,,,0.06620833333333333,,,,,,,,,,,,,,,,,,,,,,,,,,,,,,,0.06620833333333333,,2022,14,2022-12-14,December,348,738013,Winter
241323,WEG_B,2022-12-15,5787396.5,,,,,,,,,,,,,,,,,,,,,,,,,,,,,,,,,0.0,0.0,,,,,,,,,,,,,,,,,,,,,,,,0.06783333333333334,,,,,,,,,,,,,,,,,,,,,,,,,,,,,,,0.06783333333333334,,2022,15,2022-12-15,December,349,738014,Winter
241324,WEG_B,2022-12-16,5787420.5,1022.0454545454545,-6.7849545454545455,65.74681818181818,70.0619090909091,,8.729181818181818,209.72409090909093,0.20863636363636362,,-0.861590909090909,,,,,,,,,,,,,,,,,,,,,,,0.0,0.0,209.50454545454548,71.14113636363636,-51.222,,1241.31,1.758181818181818,,,,,12.266818181818183,,,,,,-6.619136363636364,,,,,,,0.066625,,,,,,,,,,,,,,,,,,,,,,,,,,,,,,,0.066625,,2022,16,2022-12-16,December,350,738015,Winter
241325,WEG_B,2022-12-17,5787444.5,,,,,,,,,,,,,,,,,,,,,,,,,,,,,,,,,0.0,0.0,,,,,,,,,,,,,,,,,,,,,,,,0.06691666666666667,,,,,,,,,,,,,,,,,,,,,,,,,,,,,,,0.06691666666666667,,2022,17,2022-12-17,December,351,738016,Winter
241326,WEG_B,2022-12-18,5787468.5,,,,,,,,,,,,,,,,,,,,,,,,,,,,,,,,,0.0,0.0,,,,,,,,,,,,,,,,,,,,,,,,0.06608333333333334,,,,,,,,,,,,,,,,,,,,,,,,,,,,,,,0.06608333333333334,,2022,18,2022-12-18,December,352,738017,Winter
241327,WEG_B,2022-12-19,5787492.5,1033.7391304347825,-0.1456521739130435,30.589565217391304,30.69704347826087,1.1137727272727274,3.7383478260869567,78.74265217391304,1.2290869565217393,0.0,-2.1673913043478263,0.0,,247.56790909090907,298.72195454545454,0.29200000000000004,-3.3815454545454546,-45.12295454545455,30.918636363636367,2.471772727272727,,,,241.0,262.32,,,,,,,,,0.0,0.0,210.68260869565216,71.14108695652175,-51.222,12.5,1216.0139130434782,1.3456521739130434,,,,,12.250434782608695,,,,,,-0.781695652173913,,,0.12836363636363635,,,,0.068625,,,,,,,,,,,,,,,,,,,,,,,,,,,,,,,0.068625,,2022,19,2022-12-19,December,353,738018,Winter
241328,WEG_B,2022-12-20,5787516.5,,,,,,,,,,,,,,,,,,,,,,,,,,,,,,,,,0.0,0.0,,,,,,,,,,,,,,,,,,,,,,,,0.06866666666666667,,,,,,,,,,,,,,,,,,,,,,,,,,,,,,,0.06866666666666667,,2022,20,2022-12-20,December,354,738019,Winter
241329,WEG_B,2022-12-21,5787540.5,1027.0,-4.367347826086957,36.25782608695652,37.84139130434782,0.9719545454545454,2.439304347826087,78.12086956521739,1.5892608695652173,0.0,-2.2126521739130434,0.0,,225.57995454545454,281.74322727272727,0.26213636363636367,-7.242636363636364,-15.75868181818182,16.030181818181816,2.4727272727272727,,,,241.0,262.32,,,,,,,,,0.0,0.0,210.45217391304345,71.14104347826087,-51.222,,1163.8295652173913,1.2008695652173913,,,,,12.231304347826086,,,,,,-4.975217391304348,,,0.12727272727272726,,,,0.06770833333333333,,,,,,,,,,,,,,,,,,,,,,,,,,,,,,,0.06770833333333333,,2022,21,2022-12-21,December,355,738020,Winter
241330,WEG_B,2022-12-22,5787564.5,1029.7272727272727,-8.086363636363636,40.14454545454546,43.48259090909091,,1.9564545454545454,86.01954545454545,2.311727272727273,,-2.3572727272727274,,,,,,,,,,,,,,,,,,,,,,,0.0,0.0,210.62272727272727,71.14104545454546,-51.222,11.795454545454545,1182.209090909091,1.3936363636363636,,,,,12.203636363636365,,,,,,-8.8865,,,,,,,0.06741666666666667,,,,,,,,,,,,,,,,,,,,,,,,,,,,,,,0.06741666666666667,,2022,22,2022-12-22,December,356,738021,Winter
241331,WEG_B,2022-12-23,5787588.5,,,,,,,,,,,,,,,,,,,,,,,,,,,,,,,,,0.0,0.0,,,,,,,,,,,,,,,,,,,,,,,,0.06766666666666667,,,,,,,,,,,,,,,,,,,,,,,,,,,,,,,0.06766666666666667,,2022,23,2022-12-23,December,357,738022,Winter
241332,WEG_B,2022-12-24,5787612.5,1032.0,-14.985238095238095,38.138571428571424,44.10942857142857,,2.615619047619048,81.70761904761905,2.283809523809524,,-2.6342380952380955,,,,,,,,,,,,,,,,,,,,,,,0.0,0.0,210.60000000000002,71.14104761904761,-51.222,,1169.0057142857142,1.3633333333333333,,,,,12.132380952380952,,,,,,-15.74904761904762,,,,,,,0.06854166666666667,,,,,,,,,,,,,,,,,,,,,,,,,,,,,,,0.06854166666666667,,2022,24,2022-12-24,December,358,738023,Winter
241333,WEG_B,2022-12-25,5787636.5,,,,,,,,,,,,,,,,,,,,,,,,,,,,,,,,,0.0,0.0,,,,,,,,,,,,,,,,,,,,,,,,0.0665,,,,,,,,,,,,,,,,,,,,,,,,,,,,,,,0.0665,,2022,25,2022-12-25,December,359,738024,Winter
241334,WEG_B,2022-12-26,5787660.5,,,,,,,,,,,,,,,,,,,,,,,,,,,,,,,,,0.0,0.0,,,,,,,,,,,,,,,,,,,,,,,,0.06804166666666667,,,,,,,,,,,,,,,,,,,,,,,,,,,,,,,0.06804166666666667,,2022,26,2022-12-26,December,360,738025,Winter
241335,WEG_B,2022-12-27,5787684.5,,,,,,,,,,,,,,,,,,,,,,,,,,,,,,,,,0.0,0.0,,,,,,,,,,,,,,,,,,,,,,,,0.06866666666666667,,,,,,,,,,,,,,,,,,,,,,,,,,,,,,,0.06866666666666667,,2022,27,2022-12-27,December,361,738026,Winter
241336,WEG_B,2022-12-28,5787708.5,,,,,,,,,,,,,,,,,,,,,,,,,,,,,,,,,0.0,0.0,,,,,,,,,,,,,,,,,,,,,,,,0.06870833333333333,,,,,,,,,,,,,,,,,,,,,,,,,,,,,,,0.06870833333333333,,2022,28,2022-12-28,December,362,738027,Winter
241337,WEG_B,2022-12-29,5787732.5,,,,,,,,,,,,,,,,,,,,,,,,,,,,,,,,,0.0,0.0,,,,,,,,,,,,,,,,,,,,,,,,0.06841666666666667,,,,,,,,,,,,,,,,,,,,,,,,,,,,,,,0.06841666666666667,,2022,29,2022-12-29,December,363,738028,Winter
241338,WEG_B,2022-12-30,5787756.5,,,,,,,,,,,,,,,,,,,,,,,,,,,,,,,,,0.0,0.0,,,,,,,,,,,,,,,,,,,,,,,,0.06720833333333333,,,,,,,,,,,,,,,,,,,,,,,,,,,,,,,0.06720833333333333,,2022,30,2022-12-30,December,364,738029,Winter
241339,WEG_B,2022-12-31,5787780.5,,,,,,,,,,,,,,,,,,,,,,,,,,,,,,,,,0.0,0.0,,,,,,,,,,,,,,,,,,,,,,,,0.0675,,,,,,,,,,,,,,,,,,,,,,,,,,,,,,,0.0675,,2022,31,2022-12-31,December,365,738030,Winter
241340,WEG_B,2023-01-01,5787804.5,,,,,,,,,,,,,,,,,,,,,,,,,,,,,,,,,0.0,0.0,,,,,,,,,,,,,,,,,,,,,,,,0.07158333333333333,,,,,,,,,,,,,,,,,,,,,,,,,,,,,,,0.07158333333333333,,2023,01,2023-01-01,January,1,738031,Winter
241341,WEG_B,2023-01-02,5787828.5,1003.1428571428571,-20.62761904761905,40.31476190476191,49.297714285714285,,2.934904761904762,60.68185714285714,1.8586666666666665,,-2.2466666666666666,,,,,,,,,,,,,,,,,,,,,,,0.0,0.0,210.78095238095236,,,,,,,,,,,,,,,,,,,,,,,0.071875,,,,,,,,,,,,,,,,,,,,,,,,,,,,,,,0.071875,,2023,02,2023-01-02,January,2,738032,Winter
241342,WEG_B,2023-01-03,5787852.5,1006.4090909090909,-20.137727272727272,37.22,45.31936363636363,,3.123409090909091,67.765,1.9784545454545452,,-2.4275454545454545,,,,,,,,,,,,,,,,,,,,,,,0.0,0.0,210.84545454545457,71.14104545454546,-51.222,10.566666666666666,1191.3004545454546,1.3936363636363636,,,,,11.941363636363635,,,,,,-20.907272727272726,,,,,,,0.06904166666666667,,,,,,,,,,,,,,,,,,,,,,,,,,,,,,,0.06904166666666667,,2023,03,2023-01-03,January,3,738033,Winter
241343,WEG_B,2023-01-04,5787876.5,,,,,,,,,,,,,,,,,,,,,,,,,,,,,,,,,0.0,0.0,,,,,,,,,,,,,,,,,,,,,,,,0.06983333333333333,,,,,,,,,,,,,,,,,,,,,,,,,,,,,,,0.06983333333333333,,2023,04,2023-01-04,January,4,738034,Winter
241344,WEG_B,2023-01-05,5787900.5,,,,,,,,,,,,,,,,,,,,,,,,,,,,,,,,,0.0,0.0,,,,,,,,,,,,,,,,,,,,,,,,0.067,,,,,,,,,,,,,,,,,,,,,,,,,,,,,,,0.067,,2023,05,2023-01-05,January,5,738035,Winter
241345,WEG_B,2023-01-06,5787924.5,1011.7619047619048,-12.005714285714285,39.10476190476191,43.96971428571429,,3.0963809523809522,76.22142857142858,1.718857142857143,,-2.512095238095238,,,,,,,,,,,,,,,,,,,,,,,0.0,0.0,211.08095238095237,71.141,-51.222,,1145.1966666666667,1.4085714285714286,,,,,11.926190476190476,,,,,,-12.790476190476191,,,,,,,0.069875,,,,,,,,,,,,,,,,,,,,,,,,,,,,,,,0.069875,,2023,06,2023-01-06,January,6,738036,Winter
241346,WEG_B,2023-01-07,5787948.5,,,,,,,,,,,,,,,,,,,,,,,,,,,,,,,,,0.0,0.0,,,,,,,,,,,,,,,,,,,,,,,,0.06816666666666667,,,,,,,,,,,,,,,,,,,,,,,,,,,,,,,0.06816666666666667,,2023,07,2023-01-07,January,7,738037,Winter
241347,WEG_B,2023-01-08,5787972.5,,,,,,,,,,,,,,,,,,,,,,,,,,,,,,,,,0.0,0.0,,,,,,,,,,,,,,,,,,,,,,,,0.068,,,,,,,,,,,,,,,,,,,,,,,,,,,,,,,0.068,,2023,08,2023-01-08,January,8,738038,Winter
241348,WEG_B,2023-01-09,5787996.5,1004.2608695652174,-11.878695652173912,60.50521739130434,68.09373913043478,0.9034090909090909,1.849,91.38365217391305,1.3569565217391304,0.0,-1.5127826086956524,0.0,,209.387,253.10222727272728,0.4219090909090909,-14.32881818181818,-3.8312272727272725,10.614136363636364,2.4881818181818183,,,,241.0,262.32,,,,,,,,,0.0,0.0,210.9391304347826,71.14108695652175,-51.222,12.418181818181818,1176.8634782608697,1.3952173913043477,,,,,11.915217391304349,,,,,,-12.536521739130434,,,0.11186363636363636,,,,0.06820833333333333,,,,,,,,,,,,,,,,,,,,,,,,,,,,,,,0.06820833333333333,,2023,09,2023-01-09,January,9,738039,Winter
241349,WEG_B,2023-01-10,5788020.5,,,,,,,,,,,,,,,,,,,,,,,,,,,,,,,,,0.0,0.0,,,,,,,,,,,,,,,,,,,,,,,,0.06779166666666667,,,,,,,,,,,,,,,,,,,,,,,,,,,,,,,0.06779166666666667,,2023,10,2023-01-10,January,10,738040,Winter
241350,WEG_B,2023-01-11,5788044.5,,,,,,,,,,,,,,,,,,,,,,,,,,,,,,,,,0.0,0.0,,,,,,,,,,,,,,,,,,,,,,,,0.06995833333333333,,,,,,,,,,,,,,,,,,,,,,,,,,,,,,,0.06995833333333333,,2023,11,2023-01-11,January,11,738041,Winter
241351,WEG_B,2023-01-12,5788068.5,,,,,,,,,,,,,,,,,,,,,,,,,,,,,,,,,0.0,0.0,,,,,,,,,,,,,,,,,,,,,,,,0.06833333333333333,,,,,,,,,,,,,,,,,,,,,,,,,,,,,,,0.06833333333333333,,2023,12,2023-01-12,January,12,738042,Winter
241352,WEG_B,2023-01-13,5788092.5,,,,,,,,,,,,,,,,,,,,,,,,,,,,,,,,,0.0,0.0,,,,,,,,,,,,,,,,,,,,,,,,0.06691666666666667,,,,,,,,,,,,,,,,,,,,,,,,,,,,,,,0.06691666666666667,,2023,13,2023-01-13,January,13,738043,Winter
241353,WEG_B,2023-01-14,5788116.5,1007.0,-12.019047619047619,38.68333333333334,43.48776190476191,,3.7264285714285714,110.99809523809525,1.4052857142857142,,-1.9247142857142856,,,,,,,,,,,,,,,,,,,,,,,0.0,0.0,210.76666666666668,,,,,,,,,,,,,,,,,,,,,,,0.06604166666666667,,,,,,,,,,,,,,,,,,,,,,,,,,,,,,,0.06604166666666667,,2023,14,2023-01-14,January,14,738044,Winter
241354,WEG_B,2023-01-15,5788140.5,,,,,,,,,,,,,,,,,,,,,,,,,,,,,,,,,0.0,0.0,,,,,,,,,,,,,,,,,,,,,,,,0.06629166666666667,,,,,,,,,,,,,,,,,,,,,,,,,,,,,,,0.06629166666666667,,2023,15,2023-01-15,January,15,738045,Winter
241355,WEG_B,2023-01-16,5788164.5,,,,,,,,,,,,,,,,,,,,,,,,,,,,,,,,,0.0,0.0,,71.14104761904761,-51.222,,1178.519523809524,1.7014285714285713,,,,,11.77142857142857,,,,,,-11.175809523809525,,,,,,,0.06958333333333334,,,,,,,,,,,,,,,,,,,,,,,,,,,,,,,0.06958333333333334,,2023,16,2023-01-16,January,16,738046,Winter
241356,WEG_B,2023-01-17,5788188.5,,,,,,,,,,,,,,,,,,,,,,,,,,,,,,,,,0.0,0.0,,,,,,,,,,,,,,,,,,,,,,,,0.06924999999999999,,,,,,,,,,,,,,,,,,,,,,,,,,,,,,,0.06924999999999999,,2023,17,2023-01-17,January,17,738047,Winter
241357,WEG_B,2023-01-18,5788212.5,,,,,,,,,,,,,,,,,,,,,,,,,,,,,,,,,0.0,0.0,,,,,,,,,,,,,,,,,,,,,,,,0.07062500000000001,,,,,,,,,,,,,,,,,,,,,,,,,,,,,,,0.07062500000000001,,2023,18,2023-01-18,January,18,738048,Winter
241358,WEG_B,2023-01-19,5788236.5,,,,,,,,,,,,,,,,,,,,,,,,,,,,,,,,,,,,,,,,,,,,,,,,,,,,,,,,,,0.06983333333333334,,,,,,,,,,,,,,,,,,,,,,,,,,,,,,,0.06983333333333334,,2023,19,2023-01-19,January,19,738049,Winter
241359,WEG_B,2023-01-20,5788260.5,,,,,,,,,,,,,,,,,,,,,,,,,,,,,,,,,,,,,,,,,,,,,,,,,,,,,,,,,,0.07,,,,,,,,,,,,,,,,,,,,,,,,,,,,,,,0.07,,2023,20,2023-01-20,January,20,738050,Winter
241360,WEG_B,2023-01-21,5788284.5,,,,,,,,,,,,,,,,,,,,,,,,,,,,,,,,,,,,,,,,,,,,,,,,,,,,,,,,,,0.07,,,,,,,,,,,,,,,,,,,,,,,,,,,,,,,0.07,,2023,21,2023-01-21,January,21,738051,Winter
241361,WEG_B,2023-01-22,5788308.5,,,,,,,,,,,,,,,,,,,,,,,,,,,,,,,,,,,,,,,,,,,,,,,,,,,,,,,,,,0.07029166666666667,,,,,,,,,,,,,,,,,,,,,,,,,,,,,,,0.07029166666666667,,2023,22,2023-01-22,January,22,738052,Winter
241362,WEG_B,2023-01-23,5788332.5,,,,,,,,,,,,,,,,,,,,,,,,,,,,,,,,,,,,,,,,,,,,,,,,,,,,,,,,,,0.071,,,,,,,,,,,,,,,,,,,,,,,,,,,,,,,0.071,,2023,23,2023-01-23,January,23,738053,Winter
241363,WEG_B,2023-01-24,5788356.5,,,,,,,,,,,,,,,,,,,,,,,,,,,,,,,,,,,,,,,,,,,,,,,,,,,,,,,,,,0.071,,,,,,,,,,,,,,,,,,,,,,,,,,,,,,,0.071,,2023,24,2023-01-24,January,24,738054,Winter
241364,WEG_B,2023-01-25,5788380.5,,,,,,,,,,,,,,,,,,,,,,,,,,,,,,,,,,,,,,,,,,,,,,,,,,,,,,,,,,0.071,,,,,,,,,,,,,,,,,,,,,,,,,,,,,,,0.071,,2023,25,2023-01-25,January,25,738055,Winter
241365,WEG_B,2023-01-26,,,,,,,,,,,,,,,,,,,,,,,,,,,,,,,,,,,,,,,,,,,,,,,,,,,,,,,,,,,,,,,,,,,,,,,,,,,,,,,,,,,,,,,,,,,,2023,26,2023-01-26,January,26,738056,Winter
